CT;Date;Time_of_Day;Site;forest_d;forest_g;forest_a;sec_veg;savanna;crops;pasture;d_river;d_streams;d_roads;d_crops;Datetime;Hour;HourRadians
18(1);2021-09-06;21:23:22;Arauquita;0;0;18.88957;17.543259;0;0;87.072323;0;551.94;286.09;2246.1905;2021-09-06 21:23:22;21.38944444;5.599743461
18(1);2021-09-06;21:23:23;Arauquita;0;0;18.88957;17.543259;0;0;87.072323;0;551.94;286.09;2246.1905;2021-09-06 21:23:23;21.38972222;5.599816183
18(1);2021-09-06;21:23:24;Arauquita;0;0;18.88957;17.543259;0;0;87.072323;0;551.94;286.09;2246.1905;2021-09-06 21:23:24;21.39;5.599888905
18(1);2021-09-06;21:23:25;Arauquita;0;0;18.88957;17.543259;0;0;87.072323;0;551.94;286.09;2246.1905;2021-09-06 21:23:25;21.39027778;5.599961627
18(1);2021-09-08;02:02:28;Arauquita;0;0;18.88957;17.543259;0;0;87.072323;0;551.94;286.09;2246.1905;2021-09-08 02:02:28;2.041111111;0.534361639
18(1);2021-09-08;02:02:29;Arauquita;0;0;18.88957;17.543259;0;0;87.072323;0;551.94;286.09;2246.1905;2021-09-08 02:02:29;2.041388889;0.534434361
18(1);2021-09-24;00:15:54;Arauquita;0;0;18.88957;17.543259;0;0;87.072323;0;551.94;286.09;2246.1905;2021-09-24 00:15:54;0.265;0.069376838
18(1);2021-09-24;00:15:56;Arauquita;0;0;18.88957;17.543259;0;0;87.072323;0;551.94;286.09;2246.1905;2021-09-24 00:15:56;0.265555556;0.069522282
18(2);2021-09-04;16:32:09;Arauquita;0;0;0.906557;27.366263;0;0;95.008919;0;1081.938165;295.407462;2137.536387;2021-09-04 16:32:09;16.53583333;4.329071043
18(2);2021-09-04;16:32:10;Arauquita;0;0;0.906557;27.366263;0;0;95.008919;0;1081.938165;295.407462;2137.536387;2021-09-04 16:32:10;16.53611111;4.329143765
18(2);2021-09-04;16:32:11;Arauquita;0;0;0.906557;27.366263;0;0;95.008919;0;1081.938165;295.407462;2137.536387;2021-09-04 16:32:11;16.53638889;4.329216488
18(2);2021-09-04;16:32:40;Arauquita;0;0;0.906557;27.366263;0;0;95.008919;0;1081.938165;295.407462;2137.536387;2021-09-04 16:32:40;16.54444444;4.331325427
18(2);2021-09-06;21:22:43;Arauquita;0;0;0.906557;27.366263;0;0;95.008919;0;1081.938165;295.407462;2137.536387;2021-09-06 21:22:43;21.37861111;5.596907301
18(2);2021-09-06;21:22:45;Arauquita;0;0;0.906557;27.366263;0;0;95.008919;0;1081.938165;295.407462;2137.536387;2021-09-06 21:22:45;21.37916667;5.597052745
18(2);2021-09-07;03:34:47;Arauquita;0;0;0.906557;27.366263;0;0;95.008919;0;1081.938165;295.407462;2137.536387;2021-09-07 03:34:47;3.579722222;0.937169086
18(2);2021-09-07;03:34:48;Arauquita;0;0;0.906557;27.366263;0;0;95.008919;0;1081.938165;295.407462;2137.536387;2021-09-07 03:34:48;3.58;0.937241808
18(2);2021-09-07;03:34:49;Arauquita;0;0;0.906557;27.366263;0;0;95.008919;0;1081.938165;295.407462;2137.536387;2021-09-07 03:34:49;3.580277778;0.93731453
18(2);2021-09-08;02:01:07;Arauquita;0;0;0.906557;27.366263;0;0;95.008919;0;1081.938165;295.407462;2137.536387;2021-09-08 02:01:07;2.018611111;0.528471153
18(2);2021-09-08;02:01:08;Arauquita;0;0;0.906557;27.366263;0;0;95.008919;0;1081.938165;295.407462;2137.536387;2021-09-08 02:01:08;2.018888889;0.528543875
18(2);2021-09-08;02:01:09;Arauquita;0;0;0.906557;27.366263;0;0;95.008919;0;1081.938165;295.407462;2137.536387;2021-09-08 02:01:09;2.019166667;0.528616597
18(2);2021-09-08;02:01:09;Arauquita;0;0;0.906557;27.366263;0;0;95.008919;0;1081.938165;295.407462;2137.536387;2021-09-08 02:01:09;2.019166667;0.528616597
18(2);2021-09-10;17:51:24;Arauquita;0;0;0.906557;27.366263;0;0;95.008919;0;1081.938165;295.407462;2137.536387;2021-09-10 17:51:24;17.85666667;4.674864401
18(2);2021-09-10;17:51:26;Arauquita;0;0;0.906557;27.366263;0;0;95.008919;0;1081.938165;295.407462;2137.536387;2021-09-10 17:51:26;17.85722222;4.675009846
18(2);2021-09-10;17:51:27;Arauquita;0;0;0.906557;27.366263;0;0;95.008919;0;1081.938165;295.407462;2137.536387;2021-09-10 17:51:27;17.8575;4.675082568
18(2);2021-09-10;17:51:29;Arauquita;0;0;0.906557;27.366263;0;0;95.008919;0;1081.938165;295.407462;2137.536387;2021-09-10 17:51:29;17.85805556;4.675228012
18(2);2021-09-23;23:47:07;Arauquita;0;0;0.906557;27.366263;0;0;95.008919;0;1081.938165;295.407462;2137.536387;2021-09-23 23:47:07;23.78527778;6.226971161
18(2);2021-09-23;23:47:08;Arauquita;0;0;0.906557;27.366263;0;0;95.008919;0;1081.938165;295.407462;2137.536387;2021-09-23 23:47:08;23.78555556;6.227043883
18(2);2021-09-23;23:47:59;Arauquita;0;0;0.906557;27.366263;0;0;95.008919;0;1081.938165;295.407462;2137.536387;2021-09-23 23:47:59;23.79972222;6.230752708
18(2);2021-09-24;00:00:03;Arauquita;0;0;0.906557;27.366263;0;0;95.008919;0;1081.938165;295.407462;2137.536387;2021-09-24 00:00:03;0.000833333;0.000218166
18(2);2021-09-24;00:15:25;Arauquita;0;0;0.906557;27.366263;0;0;95.008919;0;1081.938165;295.407462;2137.536387;2021-09-24 00:15:25;0.256944444;0.067267898
18(2);2021-09-24;00:15:26;Arauquita;0;0;0.906557;27.366263;0;0;95.008919;0;1081.938165;295.407462;2137.536387;2021-09-24 00:15:26;0.257222222;0.06734062
18(2);2021-09-24;00:16:28;Arauquita;0;0;0.906557;27.366263;0;0;95.008919;0;1081.938165;295.407462;2137.536387;2021-09-24 00:16:28;0.274444444;0.071849388
18(2);2021-09-24;00:16:29;Arauquita;0;0;0.906557;27.366263;0;0;95.008919;0;1081.938165;295.407462;2137.536387;2021-09-24 00:16:29;0.274722222;0.07192211
18(2);2021-09-24;00:17:37;Arauquita;0;0;0.906557;27.366263;0;0;95.008919;0;1081.938165;295.407462;2137.536387;2021-09-24 00:17:37;0.293611111;0.076867209
18(2);2021-09-24;00:17:38;Arauquita;0;0;0.906557;27.366263;0;0;95.008919;0;1081.938165;295.407462;2137.536387;2021-09-24 00:17:38;0.293888889;0.076939931
18(2);2021-09-25;04:39:46;Arauquita;0;0;0.906557;27.366263;0;0;95.008919;0;1081.938165;295.407462;2137.536387;2021-09-25 04:39:46;4.662777778;1.220712368
18(2);2021-09-25;04:40:54;Arauquita;0;0;0.906557;27.366263;0;0;95.008919;0;1081.938165;295.407462;2137.536387;2021-09-25 04:40:54;4.681666667;1.225657467
18(2);2021-09-25;04:40:54;Arauquita;0;0;0.906557;27.366263;0;0;95.008919;0;1081.938165;295.407462;2137.536387;2021-09-25 04:40:54;4.681666667;1.225657467
18(2);2021-09-25;04:41:18;Arauquita;0;0;0.906557;27.366263;0;0;95.008919;0;1081.938165;295.407462;2137.536387;2021-09-25 04:41:18;4.688333333;1.227402796
18(2);2021-09-25;04:42:27;Arauquita;0;0;0.906557;27.366263;0;0;95.008919;0;1081.938165;295.407462;2137.536387;2021-09-25 04:42:27;4.7075;1.232420618
18(2);2021-09-25;04:43:32;Arauquita;0;0;0.906557;27.366263;0;0;95.008919;0;1081.938165;295.407462;2137.536387;2021-09-25 04:43:32;4.725555556;1.237147551
18(2);2021-09-25;05:05:38;Arauquita;0;0;0.906557;27.366263;0;0;95.008919;0;1081.938165;295.407462;2137.536387;2021-09-25 05:05:38;5.093888889;1.333576993
18(2);2021-09-25;05:05:40;Arauquita;0;0;0.906557;27.366263;0;0;95.008919;0;1081.938165;295.407462;2137.536387;2021-09-25 05:05:40;5.094444444;1.333722437
27(1);2017-01-20;04:14:44;Arauquita;0;0;0.769177;41.85081;0;0;81.589297;0;69.459365;59.459365;2599.763488;2017-01-20 04:14:44;4.245555556;1.111483845
27(1);2017-01-20;04:14:45;Arauquita;0;0;0.769177;41.85081;0;0;81.589297;0;69.459365;59.459365;2599.763488;2017-01-20 04:14:45;4.245833333;1.111556567
27(1);2017-01-20;04:14:46;Arauquita;0;0;0.769177;41.85081;0;0;81.589297;0;69.459365;59.459365;2599.763488;2017-01-20 04:14:46;4.246111111;1.111629289
27(1);2017-01-20;04:14:46;Arauquita;0;0;0.769177;41.85081;0;0;81.589297;0;69.459365;59.459365;2599.763488;2017-01-20 04:14:46;4.246111111;1.111629289
27(1);2017-01-20;04:14:47;Arauquita;0;0;0.769177;41.85081;0;0;81.589297;0;69.459365;59.459365;2599.763488;2017-01-20 04:14:47;4.246388889;1.111702011
27(2);2021-09-20;18:42:26;Arauquita;0;0;0;45.175293;0;0;78.329869;0;177.600122;388.097388;2315.469926;2021-09-20 18:42:26;18.70722222;4.897539325
27(2);2021-09-20;18:42:27;Arauquita;0;0;0;45.175293;0;0;78.329869;0;177.600122;388.097388;2315.469926;2021-09-20 18:42:27;18.7075;4.897612047
27(2);2021-09-20;18:42:28;Arauquita;0;0;0;45.175293;0;0;78.329869;0;177.600122;388.097388;2315.469926;2021-09-20 18:42:28;18.70777778;4.897684769
27(2);2021-09-20;18:42:29;Arauquita;0;0;0;45.175293;0;0;78.329869;0;177.600122;388.097388;2315.469926;2021-09-20 18:42:29;18.70805556;4.897757491
28(1);2021-09-06;05:31:37;Arauquita;0;0;81.6391;30.054743;0;0;11.811312;0;130.810603;1923.54;2923.400256;2021-09-06 05:31:37;5.526944444;1.446950672
28(1);2021-09-06;05:31:38;Arauquita;0;0;81.6391;30.054743;0;0;11.811312;0;130.810603;1923.54;2923.400256;2021-09-06 05:31:38;5.527222222;1.447023394
28(1);2021-09-21;01:32:23;Arauquita;0;0;81.6391;30.054743;0;0;11.811312;0;130.810603;1923.54;2923.400256;2021-09-21 01:32:23;1.539722222;0.403098335
28(1);2021-09-21;01:32:25;Arauquita;0;0;81.6391;30.054743;0;0;11.811312;0;130.810603;1923.54;2923.400256;2021-09-21 01:32:25;1.540277778;0.403243779
28(1);2021-09-21;01:32:26;Arauquita;0;0;81.6391;30.054743;0;0;11.811312;0;130.810603;1923.54;2923.400256;2021-09-21 01:32:26;1.540555556;0.403316501
28(2);2021-09-06;07:38:36;Arauquita;0;0;40.922367;41.432917;0;0;41.149877;0;130.810603;1603.291214;1571.50546;2021-09-06 07:38:36;7.643333333;2.001019987
28(2);2021-09-06;07:38:38;Arauquita;0;0;40.922367;41.432917;0;0;41.149877;0;130.810603;1603.291214;1571.50546;2021-09-06 07:38:38;7.643888889;2.001165432
28(2);2021-09-06;07:38:39;Arauquita;0;0;40.922367;41.432917;0;0;41.149877;0;130.810603;1603.291214;1571.50546;2021-09-06 07:38:39;7.644166667;2.001238154
28(3);2021-09-17;05:16:33;Arauquita;0;0;59.81675;19.570184;0.154055;0;43.964165;0;1136.396275;2441.75;4439.447355;2021-09-17 05:16:33;5.275833333;1.381209937
28(3);2021-09-17;05:16:34;Arauquita;0;0;59.81675;19.570184;0.154055;0;43.964165;0;1136.396275;2441.75;4439.447355;2021-09-17 05:16:34;5.276111111;1.381282659
28(3);2021-09-17;05:17:56;Arauquita;0;0;59.81675;19.570184;0.154055;0;43.964165;0;1136.396275;2441.75;4439.447355;2021-09-17 05:17:56;5.298888889;1.387245867
28(3);2021-09-17;05:17:57;Arauquita;0;0;59.81675;19.570184;0.154055;0;43.964165;0;1136.396275;2441.75;4439.447355;2021-09-17 05:17:57;5.299166667;1.387318589
28(3);2021-09-17;23:41:48;Arauquita;0;0;59.81675;19.570184;0.154055;0;43.964165;0;1136.396275;2441.75;4439.447355;2021-09-17 23:41:48;23.69666667;6.203772826
28(3);2021-09-17;23:41:49;Arauquita;0;0;59.81675;19.570184;0.154055;0;43.964165;0;1136.396275;2441.75;4439.447355;2021-09-17 23:41:49;23.69694444;6.203845548
28(3);2021-09-20;19:03:51;Arauquita;0;0;59.81675;19.570184;0.154055;0;43.964165;0;1136.396275;2441.75;4439.447355;2021-09-20 19:03:51;19.06416667;4.990987162
28(3);2021-09-20;19:03:52;Arauquita;0;0;59.81675;19.570184;0.154055;0;43.964165;0;1136.396275;2441.75;4439.447355;2021-09-20 19:03:52;19.06444444;4.991059884
28(3);2021-09-20;19:04:16;Arauquita;0;0;59.81675;19.570184;0.154055;0;43.964165;0;1136.396275;2441.75;4439.447355;2021-09-20 19:04:16;19.07111111;4.992805214
28(3);2021-09-20;19:04:18;Arauquita;0;0;59.81675;19.570184;0.154055;0;43.964165;0;1136.396275;2441.75;4439.447355;2021-09-20 19:04:18;19.07166667;4.992950658
28(3);2021-09-23;02:26:45;Arauquita;0;0;59.81675;19.570184;0.154055;0;43.964165;0;1136.396275;2441.75;4439.447355;2021-09-23 02:26:45;2.445833333;0.640317669
28(3);2021-09-23;02:26:46;Arauquita;0;0;59.81675;19.570184;0.154055;0;43.964165;0;1136.396275;2441.75;4439.447355;2021-09-23 02:26:46;2.446111111;0.640390391
28(3);2021-09-23;02:26:47;Arauquita;0;0;59.81675;19.570184;0.154055;0;43.964165;0;1136.396275;2441.75;4439.447355;2021-09-23 02:26:47;2.446388889;0.640463113
28(3);2021-09-23;02:26:48;Arauquita;0;0;59.81675;19.570184;0.154055;0;43.964165;0;1136.396275;2441.75;4439.447355;2021-09-23 02:26:48;2.446666667;0.640535835
28(3);2021-09-25;02:09:19;Arauquita;0;0;59.81675;19.570184;0.154055;0;43.964165;0;1136.396275;2441.75;4439.447355;2021-09-25 02:09:19;2.155277778;0.564250403
28(3);2021-09-25;02:09:20;Arauquita;0;0;59.81675;19.570184;0.154055;0;43.964165;0;1136.396275;2441.75;4439.447355;2021-09-25 02:09:20;2.155555556;0.564323125
28(4);2021-09-17;23:42:31;Arauquita;24.188992;0;0;47.589097;0;0;52.663453;0;791.198541;1065.48;2834.155639;2021-09-17 23:42:31;23.70861111;6.206899874
28(4);2021-09-17;23:42:33;Arauquita;24.188992;0;0;47.589097;0;0;52.663453;0;791.198541;1065.48;2834.155639;2021-09-17 23:42:33;23.70916667;6.207045319
28(4);2021-09-20;19:03:57;Arauquita;24.188992;0;0;47.589097;0;0;52.663453;0;791.198541;1065.48;2834.155639;2021-09-20 19:03:57;19.06583333;4.991423495
28(4);2021-09-20;19:03:58;Arauquita;24.188992;0;0;47.589097;0;0;52.663453;0;791.198541;1065.48;2834.155639;2021-09-20 19:03:58;19.06611111;4.991496217
28(4);2021-09-25;02:10:34;Arauquita;24.188992;0;0;47.589097;0;0;52.663453;0;791.198541;1065.48;2834.155639;2021-09-25 02:10:34;2.176111111;0.569704557
28(4);2021-09-25;02:10:34;Arauquita;24.188992;0;0;47.589097;0;0;52.663453;0;791.198541;1065.48;2834.155639;2021-09-25 02:10:34;2.176111111;0.569704557
28(5);2021-09-23;20:41:55;Arauquita;50.807488;0;7.922872;0;0;0.776754;63.998046;0;836.987809;370.86;678.192;2021-09-23 20:41:55;20.69861111;5.418883717
28(5);2021-09-23;20:41:57;Arauquita;50.807488;0;7.922872;0;0;0.776754;63.998046;0;836.987809;370.86;678.192;2021-09-23 20:41:57;20.69916667;5.419029161
37(1);2021-09-15;01:07:24;Arauquita;6.052918;0;87.904678;11.002641;0;13.817343;4.727582;0;250.507306;1117.724923;596.371874;2021-09-15 01:07:24;1.123333333;0.294087979
37(1);2021-09-15;01:07:24;Arauquita;6.052918;0;87.904678;11.002641;0;13.817343;4.727582;0;250.507306;1117.724923;596.371874;2021-09-15 01:07:24;1.123333333;0.294087979
37(2);2021-09-15;01:08:23;Arauquita;33.989599;0;14.031151;0;0;0;75.484417;0;386.208025;405.93;1378.6212;2021-09-15 01:08:23;1.139722222;0.29837858
37(2);2021-09-15;01:08:24;Arauquita;33.989599;0;14.031151;0;0;0;75.484417;0;386.208025;405.93;1378.6212;2021-09-15 01:08:24;1.14;0.298451302
CT-DantaPVS-1-1;2016-02-19;03:19:13;Bita;0;0.079442;0;0;99.809077;0;0;6727.910504;29.007279;1214.971548;5205.861899;2016-02-19 03:19:13;3.320277778;0.86924669
CT-DantaPVS-1-1;2016-02-19;03:19:13;Bita;0;0.079442;0;0;99.809077;0;0;6727.910504;29.007279;1214.971548;5205.861899;2016-02-19 03:19:13;3.320277778;0.86924669
CT-DantaPVS-1-1;2016-02-21;21:01:21;Bita;0;0.079442;0;0;99.809077;0;0;6727.910504;29.007279;1214.971548;5205.861899;2016-02-21 21:01:21;21.0225;5.50367763
CT-DantaPVS-1-1;2016-02-21;21:01:22;Bita;0;0.079442;0;0;99.809077;0;0;6727.910504;29.007279;1214.971548;5205.861899;2016-02-21 21:01:22;21.02277778;5.503750352
CT-DantaPVS-1-1;2016-02-25;02:36:27;Bita;0;0.079442;0;0;99.809077;0;0;6727.910504;29.007279;1214.971548;5205.861899;2016-02-25 02:36:27;2.6075;0.682641904
CT-DantaPVS-1-1;2016-02-25;02:36:27;Bita;0;0.079442;0;0;99.809077;0;0;6727.910504;29.007279;1214.971548;5205.861899;2016-02-25 02:36:27;2.6075;0.682641904
CT-DantaPVS-1-3;2016-02-08;02:24:10;Bita;0;24.656857;0;0;75.231651;0;0;90.02259;1823.124156;1547.721714;1127.505155;2016-02-08 02:24:10;2.402777778;0.629045751
CT-DantaPVS-1-3;2016-02-08;02:24:10;Bita;0;24.656857;0;0;75.231651;0;0;90.02259;1823.124156;1547.721714;1127.505155;2016-02-08 02:24:10;2.402777778;0.629045751
CT-DantaPVS-1-6;2016-02-25;03:50:15;Bita;0;21.883418;0;0;78.005112;0;0;1871.136204;103.803826;4091.137729;2597.651847;2016-02-25 03:50:15;3.8375;1.004655151
CT-DantaPVS-1-6;2016-02-25;03:50:17;Bita;0;21.883418;0;0;78.005112;0;0;1871.136204;103.803826;4091.137729;2597.651847;2016-02-25 03:50:17;3.838055556;1.004800595
CT-DantaPVS-1-6;2016-02-28;03:32:15;Bita;0;21.883418;0;0;78.005112;0;0;1871.136204;103.803826;4091.137729;2597.651847;2016-02-28 03:32:15;3.5375;0.926115334
CT-DantaPVS-1-6;2016-02-28;03:32:16;Bita;0;21.883418;0;0;78.005112;0;0;1871.136204;103.803826;4091.137729;2597.651847;2016-02-28 03:32:16;3.537777778;0.926188056
CT-DantaPVS-1-6;2016-02-28;03:44:44;Bita;0;21.883418;0;0;78.005112;0;0;1871.136204;103.803826;4091.137729;2597.651847;2016-02-28 03:44:44;3.745555556;0.980584151
CT-DantaPVS-1-6;2016-02-28;03:44:45;Bita;0;21.883418;0;0;78.005112;0;0;1871.136204;103.803826;4091.137729;2597.651847;2016-02-28 03:44:45;3.745833333;0.980656873
CT-DantaPVS-1-6;2016-03-06;04:16:54;Bita;0;21.883418;0;0;78.005112;0;0;1871.136204;103.803826;4091.137729;2597.651847;2016-03-06 04:16:54;4.281666667;1.120937712
CT-DantaPVS-1-6;2016-03-06;04:16:55;Bita;0;21.883418;0;0;78.005112;0;0;1871.136204;103.803826;4091.137729;2597.651847;2016-03-06 04:16:55;4.281944444;1.121010434
CT-DantaPVS-1-6;2016-03-06;04:44:11;Bita;0;21.883418;0;0;78.005112;0;0;1871.136204;103.803826;4091.137729;2597.651847;2016-03-06 04:44:11;4.736388889;1.239983711
CT-DantaPVS-1-6;2016-03-06;04:44:12;Bita;0;21.883418;0;0;78.005112;0;0;1871.136204;103.803826;4091.137729;2597.651847;2016-03-06 04:44:12;4.736666667;1.240056434
CT-DantaPVS-1-6;2016-03-12;21:15:24;Bita;0;21.883418;0;0;78.005112;0;0;1871.136204;103.803826;4091.137729;2597.651847;2016-03-12 21:15:24;21.25666667;5.56498232
CT-DantaPVS-1-6;2016-03-12;21:15:24;Bita;0;21.883418;0;0;78.005112;0;0;1871.136204;103.803826;4091.137729;2597.651847;2016-03-12 21:15:24;21.25666667;5.56498232
CT-DantaPVS-1-6;2016-03-16;02:51:50;Bita;0;21.883418;0;0;78.005112;0;0;1871.136204;103.803826;4091.137729;2597.651847;2016-03-16 02:51:50;2.863888889;0.749764358
CT-DantaPVS-1-6;2016-03-16;02:51:50;Bita;0;21.883418;0;0;78.005112;0;0;1871.136204;103.803826;4091.137729;2597.651847;2016-03-16 02:51:50;2.863888889;0.749764358
CT-DantaPVS-1-6;2016-03-16;03:04:44;Bita;0;21.883418;0;0;78.005112;0;0;1871.136204;103.803826;4091.137729;2597.651847;2016-03-16 03:04:44;3.078888889;0.806051226
CT-DantaPVS-1-6;2016-03-16;03:04:46;Bita;0;21.883418;0;0;78.005112;0;0;1871.136204;103.803826;4091.137729;2597.651847;2016-03-16 03:04:46;3.079444444;0.80619667
CT-DantaPVS-1-6;2016-03-18;00:00:44;Bita;0;21.883418;0;0;78.005112;0;0;1871.136204;103.803826;4091.137729;2597.651847;2016-03-18 00:00:44;0.012222222;0.00319977
CT-DantaPVS-1-6;2016-03-18;00:00:45;Bita;0;21.883418;0;0;78.005112;0;0;1871.136204;103.803826;4091.137729;2597.651847;2016-03-18 00:00:45;0.0125;0.003272492
CT-DantaPVS-1-6;2016-03-24;23:30:41;Bita;0;21.883418;0;0;78.005112;0;0;1871.136204;103.803826;4091.137729;2597.651847;2016-03-24 23:30:41;23.51138889;6.155267217
CT-DantaPVS-1-6;2016-03-24;23:30:42;Bita;0;21.883418;0;0;78.005112;0;0;1871.136204;103.803826;4091.137729;2597.651847;2016-03-24 23:30:42;23.51166667;6.155339939
CT-DantaPVS-1-13;2016-03-13;21:24:35;Bita;30.216903;0;0;0;55.145948;0;0;829.763774;2877.499849;1163.291913;1644.523783;2016-03-13 21:24:35;21.40972222;5.605052171
CT-DantaPVS-1-13;2016-03-13;21:24:36;Bita;30.216903;0;0;0;55.145948;0;0;829.763774;2877.499849;1163.291913;1644.523783;2016-03-13 21:24:36;21.41;5.605124893
CT-DantaPVS-1-16;2016-02-11;16:13:17;Bita;45.697721;0;0;0;41.483967;0;0;2214.889131;129.921491;1261.094233;5954.160786;2016-02-11 16:13:17;16.22138889;4.24674968
CT-DantaPVS-1-16;2016-02-11;16:13:17;Bita;45.697721;0;0;0;41.483967;0;0;2214.889131;129.921491;1261.094233;5954.160786;2016-02-11 16:13:17;16.22138889;4.24674968
CT-DantaPVS-1-16;2016-02-11;17:56:14;Bita;45.697721;0;0;0;41.483967;0;0;2214.889131;129.921491;1261.094233;5954.160786;2016-02-11 17:56:14;17.93722222;4.695953797
CT-DantaPVS-1-16;2016-02-11;17:56:15;Bita;45.697721;0;0;0;41.483967;0;0;2214.889131;129.921491;1261.094233;5954.160786;2016-02-11 17:56:15;17.9375;4.696026519
CT-DantaPVS-1-19;2016-03-21;00:58:15;Bita;23.580653;18.696089;0;0;49.423458;0;0;376.427793;251.840974;4155.264932;2628.103933;2016-03-21 00:58:15;0.970833333;0.254163572
CT-DantaPVS-1-19;2016-03-21;00:58:16;Bita;23.580653;18.696089;0;0;49.423458;0;0;376.427793;251.840974;4155.264932;2628.103933;2016-03-21 00:58:16;0.971111111;0.254236294
CT-DantaPVS-1-20;2016-03-09;03:10:11;Bita;0;18.589789;0;0;74.089998;0;0;2933.513905;1.000251;1005.585672;211.942073;2016-03-09 03:10:11;3.169722222;0.829831337
CT-DantaPVS-1-20;2016-03-09;03:10:12;Bita;0;18.589789;0;0;74.089998;0;0;2933.513905;1.000251;1005.585672;211.942073;2016-03-09 03:10:12;3.17;0.829904059
CT-DantaPVS-1-20;2016-03-10;19:10:50;Bita;0;18.589789;0;0;74.089998;0;0;2933.513905;1.000251;1005.585672;211.942073;2016-03-10 19:10:50;19.18055556;5.021457702
CT-DantaPVS-1-20;2016-03-10;19:10:51;Bita;0;18.589789;0;0;74.089998;0;0;2933.513905;1.000251;1005.585672;211.942073;2016-03-10 19:10:51;19.18083333;5.021530424
CT-DantaPVS-1-20;2016-03-29;18:05:54;Bita;0;18.589789;0;0;74.089998;0;0;2933.513905;1.000251;1005.585672;211.942073;2016-03-29 18:05:54;18.09833333;4.738132587
CT-DantaPVS-1-20;2016-03-29;18:05:54;Bita;0;18.589789;0;0;74.089998;0;0;2933.513905;1.000251;1005.585672;211.942073;2016-03-29 18:05:54;18.09833333;4.738132587
CT-DantaPVS-1-23;2016-02-17;18:57:40;Bita;0;20.114165;0;0;79.774354;0;0;2399.379871;99.358266;2320.360042;2429.943096;2016-02-17 18:57:40;18.96111111;4.964007281
CT-DantaPVS-1-23;2016-02-17;18:57:41;Bita;0;20.114165;0;0;79.774354;0;0;2399.379871;99.358266;2320.360042;2429.943096;2016-02-17 18:57:41;18.96138889;4.964080003
CT-DantaPVS-1-23;2016-02-18;00:03:44;Bita;0;20.114165;0;0;79.774354;0;0;2399.379871;99.358266;2320.360042;2429.943096;2016-02-18 00:03:44;0.062222222;0.01628974
CT-DantaPVS-1-23;2016-02-18;00:03:51;Bita;0;20.114165;0;0;79.774354;0;0;2399.379871;99.358266;2320.360042;2429.943096;2016-02-18 00:03:51;0.064166667;0.016798794
CT-DantaPVS-1-23;2016-02-18;04:01:41;Bita;0;20.114165;0;0;79.774354;0;0;2399.379871;99.358266;2320.360042;2429.943096;2016-02-18 04:01:41;4.028055556;1.054542478
CT-DantaPVS-1-23;2016-02-18;04:01:48;Bita;0;20.114165;0;0;79.774354;0;0;2399.379871;99.358266;2320.360042;2429.943096;2016-02-18 04:01:48;4.03;1.055051533
CT-DantaPVS-1-23;2016-02-18;21:50:44;Bita;0;20.114165;0;0;79.774354;0;0;2399.379871;99.358266;2320.360042;2429.943096;2016-02-18 21:50:44;21.84555556;5.719153071
CT-DantaPVS-1-23;2016-02-18;21:50:45;Bita;0;20.114165;0;0;79.774354;0;0;2399.379871;99.358266;2320.360042;2429.943096;2016-02-18 21:50:45;21.84583333;5.719225793
CT-DantaPVS-1-23;2016-02-20;19:54:33;Bita;0;20.114165;0;0;79.774354;0;0;2399.379871;99.358266;2320.360042;2429.943096;2016-02-20 19:54:33;19.90916667;5.212207645
CT-DantaPVS-1-23;2016-02-20;19:54:34;Bita;0;20.114165;0;0;79.774354;0;0;2399.379871;99.358266;2320.360042;2429.943096;2016-02-20 19:54:34;19.90944444;5.212280367
CT-DantaPVS-1-23;2016-02-21;03:05:33;Bita;0;20.114165;0;0;79.774354;0;0;2399.379871;99.358266;2320.360042;2429.943096;2016-02-21 03:05:33;3.0925;0.809614607
CT-DantaPVS-1-23;2016-02-21;03:05:34;Bita;0;20.114165;0;0;79.774354;0;0;2399.379871;99.358266;2320.360042;2429.943096;2016-02-21 03:05:34;3.092777778;0.809687329
CT-DantaPVS-1-23;2016-02-21;04:01:44;Bita;0;20.114165;0;0;79.774354;0;0;2399.379871;99.358266;2320.360042;2429.943096;2016-02-21 04:01:44;4.028888889;1.054760645
CT-DantaPVS-1-23;2016-02-21;04:03:01;Bita;0;20.114165;0;0;79.774354;0;0;2399.379871;99.358266;2320.360042;2429.943096;2016-02-21 04:03:01;4.050277778;1.060360243
CT-DantaPVS-1-23;2016-02-22;02:14:09;Bita;0;20.114165;0;0;79.774354;0;0;2399.379871;99.358266;2320.360042;2429.943096;2016-02-22 02:14:09;2.235833333;0.585339798
CT-DantaPVS-1-23;2016-02-22;02:14:34;Bita;0;20.114165;0;0;79.774354;0;0;2399.379871;99.358266;2320.360042;2429.943096;2016-02-22 02:14:34;2.242777778;0.587157849
CT-DantaPVS-1-23;2016-02-22;02:48:25;Bita;0;20.114165;0;0;79.774354;0;0;2399.379871;99.358266;2320.360042;2429.943096;2016-02-22 02:48:25;2.806944444;0.734856337
CT-DantaPVS-1-23;2016-02-24;18:47:24;Bita;0;20.114165;0;0;79.774354;0;0;2399.379871;99.358266;2320.360042;2429.943096;2016-02-24 18:47:24;18.79;4.919210497
CT-DantaPVS-1-23;2016-02-24;18:47:46;Bita;0;20.114165;0;0;79.774354;0;0;2399.379871;99.358266;2320.360042;2429.943096;2016-02-24 18:47:46;18.79611111;4.920810382
CT-DantaPVS-1-23;2016-02-24;19:00:44;Bita;0;20.114165;0;0;79.774354;0;0;2399.379871;99.358266;2320.360042;2429.943096;2016-02-24 19:00:44;19.01222222;4.977388138
CT-DantaPVS-1-23;2016-02-24;19:00:54;Bita;0;20.114165;0;0;79.774354;0;0;2399.379871;99.358266;2320.360042;2429.943096;2016-02-24 19:00:54;19.015;4.978115359
CT-DantaPVS-1-23;2016-02-25;18:01:39;Bita;0;20.114165;0;0;79.774354;0;0;2399.379871;99.358266;2320.360042;2429.943096;2016-02-25 18:01:39;18.0275;4.719588464
CT-DantaPVS-1-23;2016-02-25;18:02:37;Bita;0;20.114165;0;0;79.774354;0;0;2399.379871;99.358266;2320.360042;2429.943096;2016-02-25 18:02:37;18.04361111;4.723806343
CT-DantaPVS-1-23;2016-02-25;21:53:48;Bita;0;20.114165;0;0;79.774354;0;0;2399.379871;99.358266;2320.360042;2429.943096;2016-02-25 21:53:48;21.89666667;5.732533928
CT-DantaPVS-1-23;2016-02-25;21:54:46;Bita;0;20.114165;0;0;79.774354;0;0;2399.379871;99.358266;2320.360042;2429.943096;2016-02-25 21:54:46;21.91277778;5.736751807
CT-DantaPVS-1-23;2016-02-25;22:02:16;Bita;0;20.114165;0;0;79.774354;0;0;2399.379871;99.358266;2320.360042;2429.943096;2016-02-25 22:02:16;22.03777778;5.769476731
CT-DantaPVS-1-23;2016-02-25;22:02:23;Bita;0;20.114165;0;0;79.774354;0;0;2399.379871;99.358266;2320.360042;2429.943096;2016-02-25 22:02:23;22.03972222;5.769985785
CT-DantaPVS-1-23;2016-02-26;04:00:59;Bita;0;20.114165;0;0;79.774354;0;0;2399.379871;99.358266;2320.360042;2429.943096;2016-02-26 04:00:59;4.016388889;1.051488152
CT-DantaPVS-1-23;2016-02-26;04:31:12;Bita;0;20.114165;0;0;79.774354;0;0;2399.379871;99.358266;2320.360042;2429.943096;2016-02-26 04:31:12;4.52;1.183333233
CT-DantaPVS-1-23;2016-02-26;04:31:20;Bita;0;20.114165;0;0;79.774354;0;0;2399.379871;99.358266;2320.360042;2429.943096;2016-02-26 04:31:20;4.522222222;1.183915009
CT-DantaPVS-1-23;2016-02-26;19:37:24;Bita;0;20.114165;0;0;79.774354;0;0;2399.379871;99.358266;2320.360042;2429.943096;2016-02-26 19:37:24;19.62333333;5.137376653
CT-DantaPVS-1-23;2016-02-26;19:37:25;Bita;0;20.114165;0;0;79.774354;0;0;2399.379871;99.358266;2320.360042;2429.943096;2016-02-26 19:37:25;19.62361111;5.137449375
CT-DantaPVS-1-23;2016-02-26;19:39:07;Bita;0;20.114165;0;0;79.774354;0;0;2399.379871;99.358266;2320.360042;2429.943096;2016-02-26 19:39:07;19.65194444;5.144867025
CT-DantaPVS-1-23;2016-02-26;19:39:08;Bita;0;20.114165;0;0;79.774354;0;0;2399.379871;99.358266;2320.360042;2429.943096;2016-02-26 19:39:08;19.65222222;5.144939747
CT-DantaPVS-1-23;2016-02-27;23:35:07;Bita;0;20.114165;0;0;79.774354;0;0;2399.379871;99.358266;2320.360042;2429.943096;2016-02-27 23:35:07;23.58527778;6.174611283
CT-DantaPVS-1-23;2016-02-27;23:35:07;Bita;0;20.114165;0;0;79.774354;0;0;2399.379871;99.358266;2320.360042;2429.943096;2016-02-27 23:35:07;23.58527778;6.174611283
CT-DantaPVS-1-23;2016-02-28;19:36:54;Bita;0;20.114165;0;0;79.774354;0;0;2399.379871;99.358266;2320.360042;2429.943096;2016-02-28 19:36:54;19.615;5.135194992
CT-DantaPVS-1-23;2016-02-28;19:36:55;Bita;0;20.114165;0;0;79.774354;0;0;2399.379871;99.358266;2320.360042;2429.943096;2016-02-28 19:36:55;19.61527778;5.135267714
CT-DantaPVS-1-23;2016-02-29;03:36:39;Bita;0;20.114165;0;0;79.774354;0;0;2399.379871;99.358266;2320.360042;2429.943096;2016-02-29 03:36:39;3.610833333;0.945313956
CT-DantaPVS-1-23;2016-02-29;03:36:40;Bita;0;20.114165;0;0;79.774354;0;0;2399.379871;99.358266;2320.360042;2429.943096;2016-02-29 03:36:40;3.611111111;0.945386678
CT-DantaPVS-1-23;2016-03-01;21:42:08;Bita;0;20.114165;0;0;79.774354;0;0;2399.379871;99.358266;2320.360042;2429.943096;2016-03-01 21:42:08;21.70222222;5.681628492
CT-DantaPVS-1-23;2016-03-01;21:42:10;Bita;0;20.114165;0;0;79.774354;0;0;2399.379871;99.358266;2320.360042;2429.943096;2016-03-01 21:42:10;21.70277778;5.681773936
CT-DantaPVS-1-23;2016-03-02;20:29:41;Bita;0;20.114165;0;0;79.774354;0;0;2399.379871;99.358266;2320.360042;2429.943096;2016-03-02 20:29:41;20.49472222;5.365505731
CT-DantaPVS-1-23;2016-03-02;20:29:41;Bita;0;20.114165;0;0;79.774354;0;0;2399.379871;99.358266;2320.360042;2429.943096;2016-03-02 20:29:41;20.49472222;5.365505731
CT-DantaPVS-1-23;2016-03-06;02:04:34;Bita;0;20.114165;0;0;79.774354;0;0;2399.379871;99.358266;2320.360042;2429.943096;2016-03-06 02:04:34;2.076111111;0.543524618
CT-DantaPVS-1-23;2016-03-06;02:04:35;Bita;0;20.114165;0;0;79.774354;0;0;2399.379871;99.358266;2320.360042;2429.943096;2016-03-06 02:04:35;2.076388889;0.54359734
CT-DantaPVS-1-23;2016-03-07;14:20:03;Bita;0;20.114165;0;0;79.774354;0;0;2399.379871;99.358266;2320.360042;2429.943096;2016-03-07 14:20:03;14.33416667;3.752676058
CT-DantaPVS-1-23;2016-03-07;14:20:04;Bita;0;20.114165;0;0;79.774354;0;0;2399.379871;99.358266;2320.360042;2429.943096;2016-03-07 14:20:04;14.33444444;3.75274878
CT-DantaPVS-1-23;2016-03-07;23:19:44;Bita;0;20.114165;0;0;79.774354;0;0;2399.379871;99.358266;2320.360042;2429.943096;2016-03-07 23:19:44;23.32888889;6.107488829
CT-DantaPVS-1-23;2016-03-07;23:19:45;Bita;0;20.114165;0;0;79.774354;0;0;2399.379871;99.358266;2320.360042;2429.943096;2016-03-07 23:19:45;23.32916667;6.107561551
CT-DantaPVS-1-23;2016-03-11;17:51:12;Bita;0;20.114165;0;0;79.774354;0;0;2399.379871;99.358266;2320.360042;2429.943096;2016-03-11 17:51:12;17.85333333;4.673991737
CT-DantaPVS-1-23;2016-03-11;17:51:13;Bita;0;20.114165;0;0;79.774354;0;0;2399.379871;99.358266;2320.360042;2429.943096;2016-03-11 17:51:13;17.85361111;4.674064459
CT-DantaPVS-1-23;2016-03-16;04:07:30;Bita;0;20.114165;0;0;79.774354;0;0;2399.379871;99.358266;2320.360042;2429.943096;2016-03-16 04:07:30;4.125;1.079922475
CT-DantaPVS-1-23;2016-03-16;04:07:57;Bita;0;20.114165;0;0;79.774354;0;0;2399.379871;99.358266;2320.360042;2429.943096;2016-03-16 04:07:57;4.1325;1.08188597
CT-DantaPVS-1-23;2016-03-16;20:18:51;Bita;0;20.114165;0;0;79.774354;0;0;2399.379871;99.358266;2320.360042;2429.943096;2016-03-16 20:18:51;20.31416667;5.318236397
CT-DantaPVS-1-23;2016-03-16;20:19:01;Bita;0;20.114165;0;0;79.774354;0;0;2399.379871;99.358266;2320.360042;2429.943096;2016-03-16 20:19:01;20.31694444;5.318963618
CT-DantaPVS-1-23;2016-03-17;15:55:31;Bita;0;20.114165;0;0;79.774354;0;0;2399.379871;99.358266;2320.360042;2429.943096;2016-03-17 15:55:31;15.92527778;4.169227973
CT-DantaPVS-1-23;2016-03-17;15:56:08;Bita;0;20.114165;0;0;79.774354;0;0;2399.379871;99.358266;2320.360042;2429.943096;2016-03-17 15:56:08;15.93555556;4.171918689
CT-DantaPVS-1-23;2016-03-17;16:37:16;Bita;0;20.114165;0;0;79.774354;0;0;2399.379871;99.358266;2320.360042;2429.943096;2016-03-17 16:37:16;16.62111111;4.351396713
CT-DantaPVS-1-23;2016-03-17;16:40:44;Bita;0;20.114165;0;0;79.774354;0;0;2399.379871;99.358266;2320.360042;2429.943096;2016-03-17 16:40:44;16.67888889;4.3665229
CT-DantaPVS-1-23;2016-03-18;19:22:14;Bita;0;20.114165;0;0;79.774354;0;0;2399.379871;99.358266;2320.360042;2429.943096;2016-03-18 19:22:14;19.37055556;5.071199586
CT-DantaPVS-1-23;2016-03-18;19:22:23;Bita;0;20.114165;0;0;79.774354;0;0;2399.379871;99.358266;2320.360042;2429.943096;2016-03-18 19:22:23;19.37305556;5.071854084
CT-DantaPVS-1-23;2016-03-20;20:04:17;Bita;0;20.114165;0;0;79.774354;0;0;2399.379871;99.358266;2320.360042;2429.943096;2016-03-20 20:04:17;20.07138889;5.254677323
CT-DantaPVS-1-23;2016-03-20;20:04:23;Bita;0;20.114165;0;0;79.774354;0;0;2399.379871;99.358266;2320.360042;2429.943096;2016-03-20 20:04:23;20.07305556;5.255113656
CT-DantaPVS-1-23;2016-03-21;06:13:54;Bita;0;20.114165;0;0;79.774354;0;0;2399.379871;99.358266;2320.360042;2429.943096;2016-03-21 06:13:54;6.231666667;1.631446518
CT-DantaPVS-1-23;2016-03-21;13:31:04;Bita;0;20.114165;0;0;79.774354;0;0;2399.379871;99.358266;2320.360042;2429.943096;2016-03-21 13:31:04;13.51777778;3.538945947
CT-DantaPVS-1-23;2016-03-24;02:14:43;Bita;0;20.114165;0;0;79.774354;0;0;2399.379871;99.358266;2320.360042;2429.943096;2016-03-24 02:14:43;2.245277778;0.587812348
CT-DantaPVS-1-23;2016-03-24;02:14:50;Bita;0;20.114165;0;0;79.774354;0;0;2399.379871;99.358266;2320.360042;2429.943096;2016-03-24 02:14:50;2.247222222;0.588321402
CT-DantaPVS-1-23;2016-03-24;03:56:02;Bita;0;20.114165;0;0;79.774354;0;0;2399.379871;99.358266;2320.360042;2429.943096;2016-03-24 03:56:02;3.933888889;1.029889703
CT-DantaPVS-1-23;2016-03-24;17:13:44;Bita;0;20.114165;0;0;79.774354;0;0;2399.379871;99.358266;2320.360042;2429.943096;2016-03-24 17:13:44;17.22888889;4.510512564
CT-DantaPVS-1-23;2016-03-29;19:22:36;Bita;0;20.114165;0;0;79.774354;0;0;2399.379871;99.358266;2320.360042;2429.943096;2016-03-29 19:22:36;19.37666667;5.072799471
CT-DantaPVS-1-23;2016-03-30;05:03:47;Bita;0;20.114165;0;0;79.774354;0;0;2399.379871;99.358266;2320.360042;2429.943096;2016-03-30 05:03:47;5.063055556;1.325504845
CT-DantaPVS-1-23;2016-03-30;05:04:16;Bita;0;20.114165;0;0;79.774354;0;0;2399.379871;99.358266;2320.360042;2429.943096;2016-03-30 05:04:16;5.071111111;1.327613784
CT-DantaPVS-1-27;2016-02-22;04:51:02;Bita;60.744872;0;0;0;26.192741;0;0;85.688169;1044.7066;1612.849168;1590.510229;2016-02-22 04:51:02;4.850555556;1.269872475
CT-DantaPVS-1-27;2016-02-22;04:51:03;Bita;60.744872;0;0;0;26.192741;0;0;85.688169;1044.7066;1612.849168;1590.510229;2016-02-22 04:51:03;4.850833333;1.269945197
CT-DantaPVS-1-28;2016-03-01;00:46:53;Bita;34.693381;0;0;0;43.49569;0;0.043893;1468.14619;123.586568;671.612977;1452.031035;2016-03-01 00:46:53;0.781388889;0.204567133
CT-DantaPVS-1-28;2016-03-01;00:46:54;Bita;34.693381;0;0;0;43.49569;0;0.043893;1468.14619;123.586568;671.612977;1452.031035;2016-03-01 00:46:54;0.781666667;0.204639855
CT-DantaPVS-1-28;2016-03-09;18:58:03;Bita;34.693381;0;0;0;43.49569;0;0.043893;1468.14619;123.586568;671.612977;1452.031035;2016-03-09 18:58:03;18.9675;4.965679888
CT-DantaPVS-1-28;2016-03-09;18:58:03;Bita;34.693381;0;0;0;43.49569;0;0.043893;1468.14619;123.586568;671.612977;1452.031035;2016-03-09 18:58:03;18.9675;4.965679888
CT-DantaPVS-1-28;2016-03-20;01:50:37;Bita;34.693381;0;0;0;43.49569;0;0.043893;1468.14619;123.586568;671.612977;1452.031035;2016-03-20 01:50:37;1.843611111;0.48265626
CT-DantaPVS-1-28;2016-03-20;01:50:37;Bita;34.693381;0;0;0;43.49569;0;0.043893;1468.14619;123.586568;671.612977;1452.031035;2016-03-20 01:50:37;1.843611111;0.48265626
CT-DantaPVS-1-29;2016-03-08;18:22:42;Bita;0;12.572589;0;0;40.057829;0;0;2715.570326;43.566488;1063.489091;95.801818;2016-03-08 18:22:42;18.37833333;4.811436415
CT-DantaPVS-1-29;2016-03-08;18:22:43;Bita;0;12.572589;0;0;40.057829;0;0;2715.570326;43.566488;1063.489091;95.801818;2016-03-08 18:22:43;18.37861111;4.811509137
CT-DantaPVS-1-29;2016-03-17;18:48:21;Bita;0;12.572589;0;0;40.057829;0;0;2715.570326;43.566488;1063.489091;95.801818;2016-03-17 18:48:21;18.80583333;4.923355654
CT-DantaPVS-1-29;2016-03-17;18:48:22;Bita;0;12.572589;0;0;40.057829;0;0;2715.570326;43.566488;1063.489091;95.801818;2016-03-17 18:48:22;18.80611111;4.923428376
CT-FC-1-1;2018-04-25;22:24:47;Cravo Norte;34.1;0;0;0;65.79;0;0;0;102.91;23967.25;13935.5;2018-04-25 22:24:47;22.41305556;5.867724223
CT-FC-1-1;2018-04-25;22:24:49;Cravo Norte;34.1;0;0;0;65.79;0;0;0;102.91;23967.25;13935.5;2018-04-25 22:24:49;22.41361111;5.867869667
CT-FC-1-7;2018-05-08;19:03:51;Cravo Norte;34.1;0;0;0;65.79;0;0;0;102.91;23967.25;13935.5;2018-05-08 19:03:51;19.06416667;4.990987162
CT-FC-1-7;2018-05-08;19:03:52;Cravo Norte;34.1;0;0;0;65.79;0;0;0;102.91;23967.25;13935.5;2018-05-08 19:03:52;19.06444444;4.991059884
CTCIN03_T.terrestris_30042016;2016-04-30;21:23:00;Cravo Norte;0;2.37;0;0;0;0;58.63;0;105.58;1261.43;21104.07;2016-04-30 21:23:00;21.38333333;5.598143576
CTCIN07_T.terrestris_21042016;2016-04-21;20:21:00;Cravo Norte;13.33;0;0;0;86.56;0;0;0;206.72;4654.53;12443.57;2016-04-21 20:21:00;20.35;5.327617542
CTCIN08_T.terrestris_21042016;2016-04-21;20:21:00;Cravo Norte;52.3;0;0;0;47.59;0;0;0;95.47;7435.24;11528.67;2016-04-21 20:21:00;20.35;5.327617542
CTCIN11_T.terrestris_26042016;2016-04-26;16:13:00;Cravo Norte;37.55;0;0;0;28.14;0;34.2;0;23.78;5420.28;11031.66;2016-04-26 16:13:00;16.21666667;4.245513405
CTCIN13_T.terrestris_22042016_1;2016-04-22;22:50:00;Cravo Norte;70.8;0;0;0;29.09;0;0;0;18;5305.8;16093.48;2016-04-22 22:50:00;22.83333333;5.977752688
CTCIN13_T.terrestris_22042016_2;2016-04-22;23:11:00;Cravo Norte;70.8;0;0;0;29.09;0;0;0;18;5305.8;16093.48;2016-04-22 23:11:00;23.18333333;6.069382474
CTCIN13_T.terrestris_25042016_1;2016-04-25;5:00:00;Cravo Norte;70.8;0;0;0;29.09;0;0;0;18;5305.8;16093.48;2016-04-25 05:00:00;5;1.308996939
CTCIN13_T.terrestris_25042016_2;2016-04-25;16:18:00;Cravo Norte;70.8;0;0;0;29.09;0;0;0;18;5305.8;16093.48;2016-04-25 16:18:00;16.3;4.267330021
CTCIN13_T.terrestris_28042016_1;2016-04-28;21:38:00;Cravo Norte;70.8;0;0;0;29.09;0;0;0;18;5305.8;16093.48;2016-04-28 21:38:00;21.63333333;5.663593423
CTCIN13_T.terrestris_29042016;2016-04-29;3:29:00;Cravo Norte;70.8;0;0;0;29.09;0;0;0;18;5305.8;16093.48;2016-04-29 03:29:00;3.483333333;0.911934534
CTCIN14_T.terrestris_22042016_1;2016-04-22;10:51:00;Cravo Norte;14.16;0;0;0;85.73;0;0;0;48.35;2363.94;16609.28;2016-04-22 10:51:00;10.85;2.840523358
CTCIN14_T.terrestris_22042016_2;2016-04-22;11:11:00;Cravo Norte;14.16;0;0;0;85.73;0;0;0;48.35;2363.94;16609.28;2016-04-22 11:11:00;11.18333333;2.92778982
CTCIN14_T.terrestris_25042016_1;2016-04-25;5:01:00;Cravo Norte;14.16;0;0;0;85.73;0;0;0;48.35;2363.94;16609.28;2016-04-25 05:01:00;5.016666667;1.313360262
CTCIN14_T.terrestris_25042016_2;2016-04-25;16:18:00;Cravo Norte;14.16;0;0;0;85.73;0;0;0;48.35;2363.94;16609.28;2016-04-25 16:18:00;16.3;4.267330021
CTCIN14_T.terrestris_28042016;2016-04-28;21:40:00;Cravo Norte;14.16;0;0;0;85.73;0;0;0;48.35;2363.94;16609.28;2016-04-28 21:40:00;21.66666667;5.672320069
CTCIN14_T.terrestris_29042016;2016-04-29;3:30:00;Cravo Norte;14.16;0;0;0;85.73;0;0;0;48.35;2363.94;16609.28;2016-04-29 03:30:00;3.5;0.916297857
CTCIN22_T.terrestris_29042016;2016-04-29;15:35:00;Cravo Norte;23.27;0;0;0;76.62;0;0;0;22.45;12350.94;22032.97;2016-04-29 15:35:00;15.58333333;4.079707127
CTCIN24_T.terrestris_23042016_1;2016-04-23;21:26:00;Cravo Norte;13.54;0;0;0;79.85;0;6.5;0;373.32;3734.29;21379.81;2016-04-23 21:26:00;21.43333333;5.611233545
CTCIN24_T.terrestris_23042016_2;2016-04-23;23:27:00;Cravo Norte;13.54;0;0;0;79.85;0;6.5;0;373.32;3734.29;21379.81;2016-04-23 23:27:00;23.45;6.139195644
CTCIN24_T.terrestris_05052016;2016-05-05;10:00:00;Cravo Norte;13.54;0;0;0;79.85;0;6.5;0;373.32;3734.29;21379.81;2016-05-05 10:00:00;10;2.617993878
CTCIN30_T.terrestris_22042016;2016-04-22;5:52:00;Cravo Norte;0;0;0;0;0;0;0;0;601.15;18286.91;21203.77;2016-04-22 05:52:00;5.866666667;1.535889742
CTCIN33_T.terrestris_22042016;2016-04-22;5:53:00;Cravo Norte;0;2.37;0;0;0;58.63;0;0;397.43;1909.38;21778.69;2016-04-22 05:53:00;5.883333333;1.540253065
CTCIN36_T.terrestris_29042016;2016-04-29;15:35:00;Cravo Norte;76.18;0;0;0;23.7;0;0;0;114.03;13650.17;20913.47;2016-04-29 15:35:00;15.58333333;4.079707127
CTCIN38_T.terrestris_04052016;2016-05-04;19:25:00;Cravo Norte;0;0;0;0;0;0;0;0;43.12;28814.05;18081.43;2016-05-04 19:25:00;19.41666667;5.083271446
CT01;2020-05-02;19:19:00;Cumaribo;16.595047;27.821865;0;0;72.066654;0;0;4853.328991;304.854277;341.085591;6390.825917;2020-05-02 19:19:00;19.31666667;5.057091508
CT02;2020-09-02;2:21:00;Cumaribo;0;13.037886;0;23.958456;62.892177;0;0;12010.34717;131.366298;761.635567;7328.950216;2020-09-02 02:21:00;2.35;0.615228561
CT03;2020-09-02;3:37:00;Cumaribo;0;24.732034;0;0;75.156497;0;0;10499.96816;523.242412;187.602632;3116.226421;2020-09-02 03:37:00;3.616666667;0.946841119
CT04;2020-09-02;0:11:11;Cumaribo;0;57.234226;0;0;42.654305;0;0;3963.883574;339.640784;1034.148395;1888.140471;2020-09-02 00:11:11;0.186388889;0.048796497
CT05;2020-09-02;20:22:00;Cumaribo;0;41.44045;0;0;52.855352;5.592717;0;8661.617965;98.358015;1001.584668;1020.922854;2020-09-02 20:22:00;20.36666667;5.331980865
CT06;2020-09-02;23:42:00;Cumaribo;0;27.708208;0;0;72.180312;0;0;410.325188;51.901913;602.484519;7194.138609;2020-09-02 23:42:00;23.7;6.204645491
CT07;2020-09-02;0:00:00;Cumaribo;0;44.69492;0;0;55.1936;0;0;7736.496929;105.026355;620.489037;577.033688;2020-09-02 00:00:00;0;0
CT08;2020-09-02;21:41:00;Cumaribo;0;2.025818;0;0;97.862702;0;0;2934.514156;82.576277;700.1757;9181.970763;2020-09-02 21:41:00;21.68333333;5.676683392
CT09;2020-09-02;21:50:00;Cumaribo;0;22.556854;0;0;77.331654;0;0;7095.891733;40.232318;497.458164;3868.192895;2020-09-02 21:50:00;21.83333333;5.7159533
CT10;2020-09-02;0:29:00;Cumaribo;0;16.933742;0;0;82.954788;0;0;54.680388;465.005576;1807.342418;3291.492624;2020-09-02 00:29:00;0.483333333;0.126536371
CT11;2023-09-02;22:17:00;Cumaribo;0;22.363613;0;0;77.524907;0;0;3245.703356;265.399932;189.380856;4591.930063;2023-09-02 22:17:00;22.28333333;5.833763025
CT12;2023-09-02;17:57:00;Cumaribo;0;67.169814;0;0;28.307188;4.411507;0;7515.441458;83.020833;948.460226;6117.535116;2023-09-02 17:57:00;17.95;4.699299011
CT13;2023-09-02;23:40:00;Cumaribo;0;30.246222;0;0;21.853;47.789287;0;5585.068167;70.684404;164.707998;3627.243543;2023-09-02 23:40:00;23.66666667;6.195918845
CT14;2023-09-02;19:53:00;Cumaribo;0;26.812682;0;0;7.01288;26.141526;39.921432;9860.029802;26.006526;179.711763;6866.278559;2023-09-02 19:53:00;19.88333333;5.205444494
CT15;2023-09-02;3:33:00;Cumaribo;0;45.502083;0;0;54.386436;0;0;16300.53485;267.178156;757.745702;8096.587289;2023-09-02 03:33:00;3.55;0.929387827
CT16;2023-09-02;4:09:00;Cumaribo;0;21.396394;0;0;78.345574;0;0;17008.268;128.032128;1281.766087;13818.80098;2023-09-02 04:09:00;4.15;1.086467459
CT17;2023-09-02;5:11:00;Cumaribo;0;31.397889;0;0;68.490631;0;0;12318.64676;273.40194;129.032379;11693.8233;2023-09-02 05:11:00;5.183333333;1.356993493
CT18;2023-09-02;3:28:00;Cumaribo;0;15.157208;0;0;0;66.274777;1.039869;5532.943976;35.675619;623.48979;9987.395096;2023-09-02 03:28:00;3.466666667;0.907571211
CT19;2023-09-02;19:49:00;Cumaribo;0;0;0;34.497506;65.391014;0;0;8948.578863;12.336429;925.009897;13131.40627;2023-09-02 19:49:00;19.81666667;5.187991202
CT20;2023-09-02;11:56:00;Cumaribo;0;16.76837;0;0;61.485979;21.634181;0;11166.35761;100.247378;512.35079;10063.30303;2023-09-02 11:56:00;11.93333333;3.124139361
CT21;2016-02-19;03:19:13;Cumaribo;0;18.038919;0;0;79.197888;0;2.651713;6068.522817;117.473923;450.335228;6249.234831;2016-02-19 03:19:13;3.320277778;0.86924669
CT22;2016-02-21;21:01:21;Cumaribo;0;35.550238;0;0;12.624072;51.714198;0;6413.83169;33.897395;804.535221;5913.261634;2016-02-21 21:01:21;21.0225;5.50367763
CT23;2016-02-25;02:36:27;Cumaribo;0;19.54135;0;0;80.347169;0;0;4132.036881;18.782491;1794.450294;4564.812147;2016-02-25 02:36:27;2.6075;0.682641904
CT24;2016-02-08;02:24:10;Cumaribo;0;32.807733;0;0;67.080798;0;0;4212.723795;1.000251;1355.784661;6510.300342;2016-02-08 02:24:10;2.402777778;0.629045751
CT25;2016-02-08;02:25:09;Cumaribo;0;20.450723;0;0;79.437796;0;0;5810.235781;55.236083;734.184234;4519.689713;2016-02-08 02:25:09;2.419166667;0.633336352
CT26;2016-02-08;02:26:45;Cumaribo;0;15.38427;0;0;84.50425;0;0;6777.923054;20.116159;614.820948;4952.464979;2016-02-08 02:26:45;2.445833333;0.640317669
CT27;2016-02-25;03:50:24;Cumaribo;0;28.653885;0;0;71.234645;0;0;4327.75266;52.791025;1960.047404;3999.448054;2016-02-25 03:50:24;3.84;1.005309649
CT28;2016-02-21;03:17:41;Cumaribo;0;22.012102;0;0;77.876407;0;0;3094.776594;54.902666;1561.725228;974.022196;2016-02-21 03:17:41;3.294722222;0.862556261
CT29;2016-02-21;03:23:50;Cumaribo;0;22.012102;0;0;77.876407;0;0;3094.776594;54.902666;1561.725228;974.022196;2016-02-21 03:23:50;3.397222222;0.889390698
CT30;2016-02-21;04:01:44;Cumaribo;78.723092;0;0;0;6.653648;14.51178;0;3486.097013;74.574269;1213.193324;2712.236156;2016-02-21 04:01:44;4.028888889;1.054760645
CT31;2016-02-29;03:44:21;Cumaribo;70.451556;0;0;0;17.54728;11.889684;0;4813.541229;205.051455;981.579648;3303.940192;2016-02-29 03:44:21;3.739166667;0.978911544
CT32;2016-03-01;21:42:08;Cumaribo;61.583482;0;0;0;0.248937;38.056111;0;4008.78373;29.451835;960.463238;3574.007962;2016-03-01 21:42:08;21.70222222;5.681628492
CT33;2016-03-01;21:43:06;Cumaribo;0;41.3666;0;0;58.521919;0;0;0;352.421769;1524.82708;5376.015708;2016-03-01 21:43:06;21.71833333;5.685846371
CT34;2016-03-01;21:48:48;Cumaribo;0;36.504483;0;0;63.384036;0;0;39.787762;700.1757;1020.144881;5901.369761;2016-03-01 21:48:48;21.81333333;5.710717313
CT35;2016-03-02;20:30:23;Cumaribo;0;35.550238;0;0;12.624072;51.714198;0;6413.83169;33.897395;804.535221;5913.261634;2016-03-02 20:30:23;20.50638889;5.368560057
CT36;2016-03-06;02:04:34;Cumaribo;0;19.54135;0;0;80.347169;0;0;4132.036881;18.782491;1794.450294;4564.812147;2016-03-06 02:04:34;2.076111111;0.543524618
CT37;2016-03-21;06:13:54;Cumaribo;0;32.807733;0;0;67.080798;0;0;4212.723795;1.000251;1355.784661;6510.300342;2016-03-21 06:13:54;6.231666667;1.631446518
CT38;2016-03-08;18:24:08;Cumaribo;0;20.450723;0;0;79.437796;0;0;5810.235781;55.236083;734.184234;4519.689713;2016-03-08 18:24:08;18.40222222;4.817690512
CT39;2016-02-21;03:24:25;Cumaribo;0;2.025818;0;0;97.862702;0;0;2934.514156;82.576277;700.1757;9181.970763;2016-02-21 03:24:25;3.406944444;0.89193597
CT40;2016-02-21;04:15:50;Cumaribo;0;22.556854;0;0;77.331654;0;0;7095.891733;40.232318;497.458164;3868.192895;2016-02-21 04:15:50;4.263888889;1.116283501
CT01;2023-05-10;22:13:00;Puerto Gaitán;29.489107;0;0;0;52.031931;19.155409;0;0;23.005773;509.01662;159.929021;2023-05-10 22:13:00;22.21666667;5.816309732
CT02;2023-10-10;3:51:00;Puerto Gaitán;43.47315;0;0;0;57.203675;0;0;0;1235.532263;83.131972;628.046489;2023-10-10 03:51:00;3.85;1.007927643
CT03;2023-11-10;16:33:00;Puerto Gaitán;44.525351;0;0;0;52.77811;3.069422;0;0;1158.290658;313.41198;696.396974;2023-11-10 16:33:00;16.55;4.332779868
CT04;2023-12-10;5:26:00;Puerto Gaitán;66.621048;0;0;0;23.985296;0;0;0;190.269968;404.879377;1261.205372;2023-12-10 05:26:00;5.433333333;1.42244334
CT05;2023-12-10;8:20:00;Puerto Gaitán;32.143931;0;0;0;43.820471;0;0;0;898.00312;610.931083;1595.178067;2023-12-10 08:20:00;8.333333333;2.181661565
CT06;2023-12-13;19:37:00;Puerto Gaitán;46.845264;7.595339;0;0;34.305837;0;0;0;156.928268;263.39943;4817.764511;2023-12-13 19:37:00;19.61666667;5.135631324
CT07;2023-28-11;3:40:00;Puerto Gaitán;44.44684;6.694074;0;0;39.986232;0;0;0;94.023594;202.939814;5912.5948;;;
CT08;2023-29-11;4:57:00;Puerto Gaitán;78.193375;0;0;0;12.170788;0;0;0;453.335981;512.35079;5011.035232;;;
CT09;2023-06-12;3:43:00;Puerto Gaitán;91.920657;0;0;0;0.003036;0;0;0;105.359772;1669.196641;5765.335625;2023-06-12 03:43:00;3.716666667;0.973021058
CT10;2023-26-10;13:05:00;Puerto Gaitán;84.433665;0;0;0;6.415597;0;0;0;1138.952472;1244.7568;5043.598959;;;
CT11;2023-26-10;1:49:00;Puerto Gaitán;70.493671;0;0;0;12.651866;0;0;0;409.769493;66.016566;5587.068669;;;
CT12;2023-01-11;4:07:00;Puerto Gaitán;46.780724;0;0;0;47.369008;0;0.005653;0;1194.077416;115.362282;7015.538236;2023-01-11 04:07:00;4.116666667;1.077740813
CT13;2023-16-11;22:46:00;Puerto Gaitán;40.818755;0;0;0;14.111962;0;38.637545;0;145.59209;97.357764;8527.139775;;;
CT14;2023-06-10;21:49:00;Puerto Gaitán;76.10672;0;0;0;7.770684;0;0;0;818.649874;1509.156481;9928.269148;2023-06-10 21:49:00;21.81666667;5.711589977
CT15;2023-08-10;13:58:00;Puerto Gaitán;74.134902;0;0;0;22.911116;0;0;0;572.143572;1185.85313;10384.27247;2023-08-10 13:58:00;13.96666667;3.656464783
CT16;2023-03-10;19:31:00;Puerto Gaitán;26.610544;0;0;0;72.816195;0;0;0;690.17319;1397.906342;10948.08061;2023-03-10 19:31:00;19.51666667;5.109451385
CT17;2023-04-10;5:45:00;Puerto Gaitán;64.542464;0;0;0;36.119478;0;0;0;75.57452;2744.133049;12143.38056;2023-04-10 05:45:00;5.75;1.50534648
CT18;2023-08-10;3:13:00;Puerto Gaitán;74.34718;0;0;0;0.644957;0;0;0;288.850261;2298.687937;11743.3913;2023-08-10 03:13:00;3.216666667;0.842121364
CT19;2023-08-10;17:12:00;Puerto Gaitán;0;10.179346;0;0;90.484381;0;0;0;7.446313;594.371372;3914.871275;2023-08-10 17:12:00;17.2;4.50294947
CT20;2023-12-10;9:47:00;Puerto Gaitán;0;13.518077;0;0;87.145659;0;0;0;20.227298;399.989261;3293.826543;2023-12-10 09:47:00;9.783333333;2.561270677
CT21;2023-14-10;0:20:00;Puerto Gaitán;0;17.416051;0;0;83.247676;0;0;0;31.452337;334.194973;3080.550802;;;
CT22;2023-18-10;20:06:00;Puerto Gaitán;0;35.75315;0;0;23.157259;12.116279;29.637038;0;91.467397;674.502591;167.708751;;;
CT23;2023-19-10;20:03:00;Puerto Gaitán;0;5.757327;0;0;34.16157;71.747126;0;0;23.33919;276.402693;0;;;
CT24;2023-26-10;0:33:00;Puerto Gaitán;0;13.649333;0;0;74.713616;12.30536;0;0;125.364792;373.649318;0;;;
CT25;2023-30-10;22:12:00;Puerto Gaitán;0;18.272908;0;0;75.1875;7.207337;0;0;37.898399;1150.622067;196.160335;;;
CT26;2023-07-11;13:09:00;Puerto Gaitán;0;19.18836;0;0;81.478397;0;0;0;11.336178;1790.782707;1164.292164;2023-07-11 13:09:00;13.15;3.44266195
CT27;2023-07-11;20:53:00;Puerto Gaitán;0;17.605691;0;0;83.060489;0;0;0;34.897646;1212.748768;1592.399592;2023-07-11 20:53:00;20.88333333;5.467243882
CT28;2023-10-11;16:09:00;Puerto Gaitán;0;30.705576;0;0;69.964734;0;0;0;4.890116;767.303656;542.580598;2023-10-11 16:09:00;16.15;4.228060113
CT29;2023-09-10;20:03:00;Puerto Gaitán;0;14.401418;0;0;83.673536;2.59166;0;0;36.564731;540.468957;22.894634;2023-09-10 20:03:00;20.05;5.249077725
CT30;2023-12-11;5:39:00;Puerto Gaitán;0;19.114396;0;0;68.729372;12.823264;0;0;28.451584;1488.929183;41.677125;2023-12-11 05:39:00;5.65;1.479166541
CT31;2023-01-10;20:13:00;Puerto Gaitán;0;4.757327;0;0;44.16157;51.747126;0;0;37.453843;1455.142927;12.780985;2023-01-10 20:13:00;20.21666667;5.292710957
CT32;2023-02-10;19:22:00;Puerto Gaitán;0;13.267848;0;0;28.867036;57.968905;0;0;31.007781;1932.596071;0.333417;2023-02-10 19:22:00;19.36666667;5.070181477
CT33;2023-06-10;20:06:00;Puerto Gaitán;0;12.548529;0;0;28.974175;59.146309;0;0;19.227047;352.199491;0;2023-06-10 20:06:00;20.1;5.262167695
CT34;2023-07-10;17:24:00;Puerto Gaitán;0;19.961841;0;0;71.926446;8.779743;0;0;15.55946;851.769296;46.900658;2023-07-10 17:24:00;17.4;4.555309348
CT35;2023-11-10;13:01:00;Puerto Gaitán;0;14.762128;0;0;78.221234;7.687682;0;0;74.129713;343.864066;309.633254;2023-11-10 13:01:00;13.01666667;3.407755365
CT36;2023-11-10;22:49:00;Puerto Gaitán;0;22.949944;0;0;77.721674;0;0;0;25.895387;511.350539;1071.491099;2023-11-10 22:49:00;22.81666667;5.973389365
CT37;2023-11-10;23:38:00;Puerto Gaitán;0;28.184766;0;0;72.487426;0;0;0;16.004016;719.291608;1681.977626;2023-11-10 23:38:00;23.63333333;6.187192198
CT38;2023-12-10;17:23:00;Puerto Gaitán;0;25.360163;0;0;75.311579;0;0;0;10.113649;768.192768;1937.708465;2023-12-10 17:23:00;17.38333333;4.550946025
CT39;2023-13-10;6:53:00;Puerto Gaitán;0;22.064508;0;0;78.608373;0;0;0;29.896391;1735.102068;2627.214821;;;
CT40;2023-14-10;19:43:00;Puerto Gaitán;0;20.502306;0;0;80.171566;0;0;0;25.339692;1733.990678;3066.991844;;;
CT41;2023-15-10;16:47:00;Puerto Gaitán;29.489107;0;0;0;52.031931;19.155409;0;0;23.005773;509.01662;159.929021;;;
CT42;2023-15-10;17:13:00;Puerto Gaitán;43.47315;0;0;0;57.203675;0;0;0;1235.532263;83.131972;628.046489;;;
CT43;2023-17-10;17:06:00;Puerto Gaitán;44.525351;0;0;0;52.77811;3.069422;0;0;1158.290658;313.41198;696.396974;;;
CT44;2023-17-10;17:07:00;Puerto Gaitán;66.621048;0;0;0;23.985296;0;0;0;190.269968;404.879377;1261.205372;;;
CT45;2023-17-10;18:11:00;Puerto Gaitán;32.143931;0;0;0;43.820471;0;0;0;898.00312;610.931083;1595.178067;;;
CT46;2023-19-10;2:04:00;Puerto Gaitán;46.845264;7.595339;0;0;34.305837;0;0;0;156.928268;263.39943;4817.764511;;;
CT47;2023-20-10;14:49:00;Puerto Gaitán;44.44684;6.694074;0;0;39.986232;0;0;0;94.023594;202.939814;5912.5948;;;
CT48;2023-21-10;1:17:00;Puerto Gaitán;78.193375;0;0;0;12.170788;0;0;0;453.335981;512.35079;5011.035232;;;
CT49;2023-21-10;1:25:00;Puerto Gaitán;91.920657;0;0;0;0.003036;0;0;0;105.359772;1669.196641;5765.335625;;;
CT50;2023-21-10;1:26:00;Puerto Gaitán;84.433665;0;0;0;6.415597;0;0;0;1138.952472;1244.7568;5043.598959;;;
CT51;2023-11-10;22:44:00;Puerto Gaitán;70.493671;0;0;0;12.651866;0;0;0;409.769493;66.016566;5587.068669;2023-11-10 22:44:00;22.73333333;5.951572749
CT52;2023-11-10;22:52:00;Puerto Gaitán;46.780724;0;0;0;47.369008;0;0.005653;0;1194.077416;115.362282;7015.538236;2023-11-10 22:52:00;22.86666667;5.986479334
CT53;2023-11-10;23:41:00;Puerto Gaitán;40.818755;0;0;0;14.111962;0;38.637545;0;145.59209;97.357764;8527.139775;2023-11-10 23:41:00;23.68333333;6.200282168
CT54;2023-21-10;1:22:00;Puerto Gaitán;76.10672;0;0;0;7.770684;0;0;0;818.649874;1509.156481;9928.269148;;;
CT55;2023-21-10;1:37:00;Puerto Gaitán;74.134902;0;0;0;22.911116;0;0;0;572.143572;1185.85313;10384.27247;;;
CT56;2023-22-10;20:22:00;Puerto Gaitán;26.610544;0;0;0;72.816195;0;0;0;690.17319;1397.906342;10948.08061;;;
CT57;2023-29-11;4:42:00;Puerto Gaitán;64.542464;0;0;0;36.119478;0;0;0;75.57452;2744.133049;12143.38056;;;
CT58;2023-29-11;18:33:00;Puerto Gaitán;74.34718;0;0;0;0.644957;0;0;0;288.850261;2298.687937;11743.3913;;;
CT59;2023-02-12;18:39:00;Puerto Gaitán;0;10.179346;0;0;90.484381;0;0;0;7.446313;594.371372;3914.871275;2023-02-12 18:39:00;18.65;4.882558582
CT60;2023-05-12;11:22:00;Puerto Gaitán;0;13.518077;0;0;87.145659;0;0;0;20.227298;399.989261;3293.826543;2023-05-12 11:22:00;11.36666667;2.975786375
CT61;2023-05-12;11:24:00;Puerto Gaitán;0;17.416051;0;0;83.247676;0;0;0;31.452337;334.194973;3080.550802;2023-05-12 11:24:00;11.4;2.984513021
CT62;2023-28-11;0:58:00;Puerto Gaitán;0;35.75315;0;0;23.157259;12.116279;29.637038;0;91.467397;674.502591;167.708751;;;
CT63;2023-06-12;8:27:00;Puerto Gaitán;0;5.757327;0;0;34.16157;71.747126;0;0;23.33919;276.402693;0;2023-06-12 08:27:00;8.45;2.212204827
CT64;2023-27-11;1:28:00;Puerto Gaitán;0;13.649333;0;0;74.713616;12.30536;0;0;125.364792;373.649318;0;;;
CT65;2023-21-10;1:29:00;Puerto Gaitán;0;18.272908;0;0;75.1875;7.207337;0;0;37.898399;1150.622067;196.160335;;;
CT66;2023-25-10;16:08:00;Puerto Gaitán;0;19.18836;0;0;81.478397;0;0;0;11.336178;1790.782707;1164.292164;;;
CT67;2023-19-10;19:30:00;Puerto Gaitán;0;17.605691;0;0;83.060489;0;0;0;34.897646;1212.748768;1592.399592;;;
CT68;2023-24-10;13:49:00;Puerto Gaitán;0;30.705576;0;0;69.964734;0;0;0;4.890116;767.303656;542.580598;;;
CT69;2023-26-10;3:40:00;Puerto Gaitán;0;14.401418;0;0;83.673536;2.59166;0;0;36.564731;540.468957;22.894634;;;
CT70;2023-26-10;16:07:00;Puerto Gaitán;0;19.114396;0;0;68.729372;12.823264;0;0;28.451584;1488.929183;41.677125;;;
CT71;2023-28-10;16:24:00;Puerto Gaitán;0;4.757327;0;0;44.16157;51.747126;0;0;37.453843;1455.142927;12.780985;;;
CT72;2023-31-10;11:38:00;Puerto Gaitán;0;13.267848;0;0;28.867036;57.968905;0;0;31.007781;1932.596071;0.333417;;;
CT73;2023-01-11;5:22:00;Puerto Gaitán;0;12.548529;0;0;28.974175;59.146309;0;0;19.227047;352.199491;0;2023-01-11 05:22:00;5.366666667;1.404990048
CT74;2023-01-11;6:09:00;Puerto Gaitán;0;19.961841;0;0;71.926446;8.779743;0;0;15.55946;851.769296;46.900658;2023-01-11 06:09:00;6.15;1.610066235
CT75;2023-02-11;17:39:;Puerto Gaitán;0;14.762128;0;0;78.221234;7.687682;0;0;74.129713;343.864066;309.633254;;;
CT76;2023-03-11;19:14:00;Puerto Gaitán;0;22.949944;0;0;77.721674;0;0;0;25.895387;511.350539;1071.491099;2023-03-11 19:14:00;19.23333333;5.035274892
CT77;2023-03-11;22:44:00;Puerto Gaitán;0;28.184766;0;0;72.487426;0;0;0;16.004016;719.291608;1681.977626;2023-03-11 22:44:00;22.73333333;5.951572749
CT78;2023-05-11;9:13:00;Puerto Gaitán;0;25.360163;0;0;75.311579;0;0;0;10.113649;768.192768;1937.708465;2023-05-11 09:13:00;9.216666667;2.412917691
CT79;2023-08-11;8:03:00;Puerto Gaitán;0;22.064508;0;0;78.608373;0;0;0;29.896391;1735.102068;2627.214821;2023-08-11 08:03:00;8.05;2.107485072
CT80;2023-10-11;14:33:00;Puerto Gaitán;0;20.502306;0;0;80.171566;0;0;0;25.339692;1733.990678;3066.991844;2023-10-11 14:33:00;14.55;3.809181092
CT81;2023-13-11;18:37:00;Puerto Gaitán;29.489107;0;0;0;52.031931;19.155409;0;0;23.005773;509.01662;159.929021;;;
CT82;2023-16-11;14:33:00;Puerto Gaitán;43.47315;0;0;0;57.203675;0;0;0;1235.532263;83.131972;628.046489;;;
CT83;2023-07-10;0:36:00;Puerto Gaitán;44.525351;0;0;0;52.77811;3.069422;0;0;1158.290658;313.41198;696.396974;2023-07-10 00:36:00;0.6;0.157079633
CT84;2023-03-11;22:28:00;Puerto Gaitán;66.621048;0;0;0;23.985296;0;0;0;190.269968;404.879377;1261.205372;2023-03-11 22:28:00;22.46666667;5.881759579
CT85;2023-17-11;2:57:00;Puerto Gaitán;32.143931;0;0;0;43.820471;0;0;0;898.00312;610.931083;1595.178067;;;
CT86;2023-18-11;7:40:00;Puerto Gaitán;46.845264;7.595339;0;0;34.305837;0;0;0;156.928268;263.39943;4817.764511;;;
CT87;2023-19-11;3:08:00;Puerto Gaitán;44.44684;6.694074;0;0;39.986232;0;0;0;94.023594;202.939814;5912.5948;;;
CT88;2023-20-11;6:18:00;Puerto Gaitán;78.193375;0;0;0;12.170788;0;0;0;453.335981;512.35079;5011.035232;;;
CT89;2023-21-11;5:34:00;Puerto Gaitán;91.920657;0;0;0;0.003036;0;0;0;105.359772;1669.196641;5765.335625;;;
CT90;2023-24-11;20:20:00;Puerto Gaitán;84.433665;0;0;0;6.415597;0;0;0;1138.952472;1244.7568;5043.598959;;;
CT91;2023-24-11;20:26:00;Puerto Gaitán;70.493671;0;0;0;12.651866;0;0;0;409.769493;66.016566;5587.068669;;;
CT92;2023-25-11;12:55:00;Puerto Gaitán;46.780724;0;0;0;47.369008;0;0.005653;0;1194.077416;115.362282;7015.538236;;;
CT93;2023-25-11;13:00:00;Puerto Gaitán;40.818755;0;0;0;14.111962;0;38.637545;0;145.59209;97.357764;8527.139775;;;
CT94;2023-06-12;8:31:00;Puerto Gaitán;76.10672;0;0;0;7.770684;0;0;0;818.649874;1509.156481;9928.269148;2023-06-12 08:31:00;8.516666667;2.229658119
CT95;2023-06-10;17:25:00;Puerto Gaitán;74.134902;0;0;0;22.911116;0;0;0;572.143572;1185.85313;10384.27247;2023-06-10 17:25:00;17.41666667;4.559672671
CT96;2023-01-01;0:00:00;Puerto Gaitán;26.610544;0;0;0;72.816195;0;0;0;690.17319;1397.906342;10948.08061;2023-01-01 00:00:00;0;0
CT97;2023-08-10;4:34:00;Puerto Gaitán;64.542464;0;0;0;36.119478;0;0;0;75.57452;2744.133049;12143.38056;2023-08-10 04:34:00;4.566666667;1.195550538
CT98;2023-13-10;18:27:00;Puerto Gaitán;74.34718;0;0;0;0.644957;0;0;0;288.850261;2298.687937;11743.3913;;;
CT99;2023-01-10;20:52:00;Puerto Gaitán;0;10.179346;0;0;90.484381;0;0;0;7.446313;594.371372;3914.871275;2023-01-10 20:52:00;20.86666667;5.462880559
CT100;2023-07-10;3:31:00;Puerto Gaitán;0;13.518077;0;0;87.145659;0;0;0;20.227298;399.989261;3293.826543;2023-07-10 03:31:00;3.516666667;0.92066118
CT101;2023-08-10;3:39:00;Puerto Gaitán;0;17.416051;0;0;83.247676;0;0;0;31.452337;334.194973;3080.550802;2023-08-10 03:39:00;3.65;0.955567765
CT102;2023-13-10;2:05:00;Puerto Gaitán;0;35.75315;0;0;23.157259;12.116279;29.637038;0;91.467397;674.502591;167.708751;;;
CT103;2023-26-10;21:44:00;Puerto Gaitán;0;5.757327;0;0;34.16157;71.747126;0;0;23.33919;276.402693;0;;;
CT104;2023-26-10;22:40:00;Puerto Gaitán;0;13.649333;0;0;74.713616;12.30536;0;0;125.364792;373.649318;0;;;
CT105;2023-16-11;3:16:00;Puerto Gaitán;0;18.272908;0;0;75.1875;7.207337;0;0;37.898399;1150.622067;196.160335;;;
CT106;2023-28-11;18:01:00;Puerto Gaitán;0;19.18836;0;0;81.478397;0;0;0;11.336178;1790.782707;1164.292164;;;
CT107;2023-07-10;19:39:00;Puerto Gaitán;0;17.605691;0;0;83.060489;0;0;0;34.897646;1212.748768;1592.399592;2023-07-10 19:39:00;19.65;5.14435797
CT108;2023-13-11;18:40:00;Puerto Gaitán;0;30.705576;0;0;69.964734;0;0;0;4.890116;767.303656;542.580598;;;
CT109;2023-23-11;12:33:00;Puerto Gaitán;0;14.401418;0;0;83.673536;2.59166;0;0;36.564731;540.468957;22.894634;;;
CT110;2023-11-10;6:53:00;Puerto Gaitán;0;19.114396;0;0;68.729372;12.823264;0;0;28.451584;1488.929183;41.677125;2023-11-10 06:53:00;6.883333333;1.802052453
CT111;2023-05-10;22:13:00;Puerto Gaitán;0;4.757327;0;0;44.16157;51.747126;0;0;37.453843;1455.142927;12.780985;2023-05-10 22:13:00;22.21666667;5.816309732
CT10;2021-12-04;18:29:52;Puerto Rondón;80.920482;0;0;0;17.65235;0;0;132.922244;244.283522;323.081073;0;2021-12-04 18:29:52;18.49777778;4.842706898
CT10;2021-12-04;18:29:54;Puerto Rondón;80.920482;0;0;0;17.65235;0;0;132.922244;244.283522;323.081073;0;2021-12-04 18:29:54;18.49833333;4.842852342
CT11;2021-11-15;23:26:43;Puerto Rondón;88.54239;0;0;0;11.346134;0;0;257.953619;407.991269;819.205569;0;2021-11-15 23:26:43;23.44527778;6.137959369
CT11;2021-11-15;23:26:44;Puerto Rondón;88.54239;0;0;0;11.346134;0;0;257.953619;407.991269;819.205569;0;2021-11-15 23:26:44;23.44555556;6.138032091
CT11;2021-11-20;5:06:42;Puerto Rondón;88.54239;0;0;0;11.346134;0;0;257.953619;407.991269;819.205569;0;2021-11-20 05:06:42;5.111666667;1.338231204
CT11;2021-11-20;5:06:43;Puerto Rondón;88.54239;0;0;0;11.346134;0;0;257.953619;407.991269;819.205569;0;2021-11-20 05:06:43;5.111944444;1.338303926
CT11;2021-11-21;1:27:45;Puerto Rondón;88.54239;0;0;0;11.346134;0;0;257.953619;407.991269;819.205569;0;2021-11-21 01:27:45;1.4625;0.382881605
CT11;2021-11-21;1:27:46;Puerto Rondón;88.54239;0;0;0;11.346134;0;0;257.953619;407.991269;819.205569;0;2021-11-21 01:27:46;1.462777778;0.382954327
CT11;2021-11-26;2:07:08;Puerto Rondón;88.54239;0;0;0;11.346134;0;0;257.953619;407.991269;819.205569;0;2021-11-26 02:07:08;2.118888889;0.554723814
CT11;2021-11-26;2:07:09;Puerto Rondón;88.54239;0;0;0;11.346134;0;0;257.953619;407.991269;819.205569;0;2021-11-26 02:07:09;2.119166667;0.554796536
CT11;2021-12-01;23:12:33;Puerto Rondón;88.54239;0;0;0;11.346134;0;0;257.953619;407.991269;819.205569;0;2021-12-01 23:12:33;23.20916667;6.076145625
CT11;2021-12-01;23:12:34;Puerto Rondón;88.54239;0;0;0;11.346134;0;0;257.953619;407.991269;819.205569;0;2021-12-01 23:12:34;23.20944444;6.076218347
CT11;2021-12-02;2:22:42;Puerto Rondón;88.54239;0;0;0;11.346134;0;0;257.953619;407.991269;819.205569;0;2021-12-02 02:22:42;2.378333333;0.622646211
CT11;2021-12-02;2:22:43;Puerto Rondón;88.54239;0;0;0;11.346134;0;0;257.953619;407.991269;819.205569;0;2021-12-02 02:22:43;2.378611111;0.622718933
CT11;2021-12-04;22:58:17;Puerto Rondón;88.54239;0;0;0;11.346134;0;0;257.953619;407.991269;819.205569;0;2021-12-04 22:58:17;22.97138889;6.013895548
CT11;2021-12-04;22:58:18;Puerto Rondón;88.54239;0;0;0;11.346134;0;0;257.953619;407.991269;819.205569;0;2021-12-04 22:58:18;22.97166667;6.01396827
CT11;2021-12-09;0:29:02;Puerto Rondón;88.54239;0;0;0;11.346134;0;0;257.953619;407.991269;819.205569;0;2021-12-09 00:29:02;0.483888889;0.126681815
CT11;2021-12-09;0:29:03;Puerto Rondón;88.54239;0;0;0;11.346134;0;0;257.953619;407.991269;819.205569;0;2021-12-09 00:29:03;0.484166667;0.126754537
CT11;2021-12-11;9:57:05;Puerto Rondón;88.54239;0;0;0;11.346134;0;0;257.953619;407.991269;819.205569;0;2021-12-11 09:57:05;9.951388889;2.605267519
CT11;2021-12-11;9:57:07;Puerto Rondón;88.54239;0;0;0;11.346134;0;0;257.953619;407.991269;819.205569;0;2021-12-11 09:57:07;9.951944444;2.605412963
CT11;2021-12-17;5:19:12;Puerto Rondón;88.54239;0;0;0;11.346134;0;0;257.953619;407.991269;819.205569;0;2021-12-17 05:19:12;5.32;1.392772743
CT11;2021-12-17;5:19:13;Puerto Rondón;88.54239;0;0;0;11.346134;0;0;257.953619;407.991269;819.205569;0;2021-12-17 05:19:13;5.320277778;1.392845465
CT11;2021-12-18;0:59:45;Puerto Rondón;88.54239;0;0;0;11.346134;0;0;257.953619;407.991269;819.205569;0;2021-12-18 00:59:45;0.995833333;0.260708557
CT11;2021-12-18;0:59:47;Puerto Rondón;88.54239;0;0;0;11.346134;0;0;257.953619;407.991269;819.205569;0;2021-12-18 00:59:47;0.996388889;0.260854001
CT11;2021-12-18;17:05:05;Puerto Rondón;88.54239;0;0;0;11.346134;0;0;257.953619;407.991269;819.205569;0;2021-12-18 17:05:05;17.08472222;4.472769818
CT11;2021-12-18;17:05:06;Puerto Rondón;88.54239;0;0;0;11.346134;0;0;257.953619;407.991269;819.205569;0;2021-12-18 17:05:06;17.085;4.472842541
CT11;2021-12-20;17:51:26;Puerto Rondón;88.54239;0;0;0;11.346134;0;0;257.953619;407.991269;819.205569;0;2021-12-20 17:51:26;17.85722222;4.675009846
CT11;2021-12-20;17:51:27;Puerto Rondón;88.54239;0;0;0;11.346134;0;0;257.953619;407.991269;819.205569;0;2021-12-20 17:51:27;17.8575;4.675082568
CT11;2021-12-23;3:46:33;Puerto Rondón;88.54239;0;0;0;11.346134;0;0;257.953619;407.991269;819.205569;0;2021-12-23 03:46:33;3.775833333;0.988510855
CT11;2021-12-23;3:46:34;Puerto Rondón;88.54239;0;0;0;11.346134;0;0;257.953619;407.991269;819.205569;0;2021-12-23 03:46:34;3.776111111;0.988583577
CT11;2021-12-25;3:45:39;Puerto Rondón;88.54239;0;0;0;11.346134;0;0;257.953619;407.991269;819.205569;0;2021-12-25 03:45:39;3.760833333;0.984583864
CT15;2021-12-18;3:01:22;Puerto Rondón;50.423297;0;0;0;36.487496;0;0;50.790523;52.23533;912.228912;0;2021-12-18 03:01:22;3.022777778;0.791361372
CT15;2021-12-18;3:01:23;Puerto Rondón;50.423297;0;0;0;36.487496;0;0;50.790523;52.23533;912.228912;0;2021-12-18 03:01:23;3.023055556;0.791434094
CT15;2021-12-19;1:23:48;Puerto Rondón;50.423297;0;0;0;36.487496;0;0;50.790523;52.23533;912.228912;0;2021-12-19 01:23:48;1.396666667;0.365646478
CT15;2021-12-19;1:23:49;Puerto Rondón;50.423297;0;0;0;36.487496;0;0;50.790523;52.23533;912.228912;0;2021-12-19 01:23:49;1.396944444;0.3657192
CT33;2021-11-27;3:57:28;Puerto Rondón;88.226453;0;0;0;6.611587;0;0;543.025154;57.125446;1033.037005;0;2021-11-27 03:57:28;3.957777778;1.036143799
CT33;2021-11-27;3:57:29;Puerto Rondón;88.226453;0;0;0;6.611587;0;0;543.025154;57.125446;1033.037005;0;2021-11-27 03:57:29;3.958055556;1.036216521
CT33;2021-11-27;3:57:30;Puerto Rondón;88.226453;0;0;0;6.611587;0;0;543.025154;57.125446;1033.037005;0;2021-11-27 03:57:30;3.958333333;1.036289243
CT33;2021-12-07;18:05:00;Puerto Rondón;88.226453;0;0;0;6.611587;0;0;543.025154;57.125446;1033.037005;0;2021-12-07 18:05:00;18.08333333;4.734205596
CT45;2021-11-20;15:25:20;Puerto Rondón;67.816266;0;0;0;26.303913;0;0;15.781738;118.140757;1767.1101;0;2021-11-20 15:25:20;15.42222222;4.037528336
CT45;2021-11-20;15:26:01;Puerto Rondón;67.816266;0;0;0;26.303913;0;0;15.781738;118.140757;1767.1101;0;2021-11-20 15:26:01;15.43361111;4.04050994
CT45;2021-11-21;16:34:07;Puerto Rondón;67.816266;0;0;0;26.303913;0;0;15.781738;118.140757;1767.1101;0;2021-11-21 16:34:07;16.56861111;4.337652246
CT45;2021-11-21;16:34:08;Puerto Rondón;67.816266;0;0;0;26.303913;0;0;15.781738;118.140757;1767.1101;0;2021-11-21 16:34:08;16.56888889;4.337724968
CT45;2021-11-21;22:57:40;Puerto Rondón;67.816266;0;0;0;26.303913;0;0;15.781738;118.140757;1767.1101;0;2021-11-21 22:57:40;22.96111111;6.011204832
CT45;2021-11-21;22:57:41;Puerto Rondón;67.816266;0;0;0;26.303913;0;0;15.781738;118.140757;1767.1101;0;2021-11-21 22:57:41;22.96138889;6.011277554
CT45;2021-11-27;5:54:14;Puerto Rondón;67.816266;0;0;0;26.303913;0;0;15.781738;118.140757;1767.1101;0;2021-11-27 05:54:14;5.903888889;1.545634497
CT45;2021-11-27;5:54:15;Puerto Rondón;67.816266;0;0;0;26.303913;0;0;15.781738;118.140757;1767.1101;0;2021-11-27 05:54:15;5.904166667;1.545707219
CT46;2021-11-14;11:59:38;Puerto Rondón;43.938687;0;0;0;47.713008;0;0;83.798806;630.046991;2185.992991;0;2021-11-14 11:59:38;11.99388889;3.139992768
CT46;2021-11-14;11:59:39;Puerto Rondón;43.938687;0;0;0;47.713008;0;0;83.798806;630.046991;2185.992991;0;2021-11-14 11:59:39;11.99416667;3.14006549
CT46;2021-11-14;12:25:31;Puerto Rondón;43.938687;0;0;0;47.713008;0;0;83.798806;630.046991;2185.992991;0;2021-11-14 12:25:31;12.42527778;3.252930115
CT46;2021-11-14;12:25:32;Puerto Rondón;43.938687;0;0;0;47.713008;0;0;83.798806;630.046991;2185.992991;0;2021-11-14 12:25:32;12.42555556;3.253002838
CT46;2021-11-23;15:05:14;Puerto Rondón;43.938687;0;0;0;47.713008;0;0;83.798806;630.046991;2185.992991;0;2021-11-23 15:05:14;15.08722222;3.949825541
CT46;2021-11-23;15:05:23;Puerto Rondón;43.938687;0;0;0;47.713008;0;0;83.798806;630.046991;2185.992991;0;2021-11-23 15:05:23;15.08972222;3.95048004
CT46;2021-12-11;4:33:03;Puerto Rondón;43.938687;0;0;0;47.713008;0;0;83.798806;630.046991;2185.992991;0;2021-12-11 04:33:03;4.550833333;1.191405381
CT46;2021-12-11;4:33:04;Puerto Rondón;43.938687;0;0;0;47.713008;0;0;83.798806;630.046991;2185.992991;0;2021-12-11 04:33:04;4.551111111;1.191478103
CT46;2021-12-17;5:22:59;Puerto Rondón;43.938687;0;0;0;47.713008;0;0;83.798806;630.046991;2185.992991;0;2021-12-17 05:22:59;5.383055556;1.409280649
CT46;2021-12-17;5:22:59;Puerto Rondón;43.938687;0;0;0;47.713008;0;0;83.798806;630.046991;2185.992991;0;2021-12-17 05:22:59;5.383055556;1.409280649
CT46;2021-12-26;13:46:06;Puerto Rondón;43.938687;0;0;0;47.713008;0;0;83.798806;630.046991;2185.992991;0;2021-12-26 13:46:06;13.76833333;3.604541238
CT46;2021-12-26;13:47:23;Puerto Rondón;43.938687;0;0;0;47.713008;0;0;83.798806;630.046991;2185.992991;0;2021-12-26 13:47:23;13.78972222;3.610140836
CT46;2022-01-01;15:14:12;Puerto Rondón;43.938687;0;0;0;47.713008;0;0;83.798806;630.046991;2185.992991;0;2022-01-01 15:14:12;15.23666667;3.988950005
CT46;2022-01-04;4:35:45;Puerto Rondón;43.938687;0;0;0;47.713008;0;0;83.798806;630.046991;2185.992991;0;2022-01-04 04:35:45;4.595833333;1.203186353
CT46;2022-01-04;4:35:46;Puerto Rondón;43.938687;0;0;0;47.713008;0;0;83.798806;630.046991;2185.992991;0;2022-01-04 04:35:46;4.596111111;1.203259075
CT46;2022-01-09;17:52:50;Puerto Rondón;43.938687;0;0;0;47.713008;0;0;83.798806;630.046991;2185.992991;0;2022-01-09 17:52:50;17.88055556;4.681118498
CT46;2022-01-09;17:52:51;Puerto Rondón;43.938687;0;0;0;47.713008;0;0;83.798806;630.046991;2185.992991;0;2022-01-09 17:52:51;17.88083333;4.68119122
CT47;2021-11-14;6:51:00;Puerto Rondón;36.836667;0;0;0;52.590537;0;0;57.681141;1748.994443;2950.518172;0;2021-11-14 06:51:00;6.85;1.793325806
CT47;2021-11-14;6:51:01;Puerto Rondón;36.836667;0;0;0;52.590537;0;0;57.681141;1748.994443;2950.518172;0;2021-11-14 06:51:01;6.850277778;1.793398528
CT47;2021-11-16;5:09:28;Puerto Rondón;36.836667;0;0;0;52.590537;0;0;57.681141;1748.994443;2950.518172;0;2021-11-16 05:09:28;5.157777778;1.350303065
CT47;2021-11-16;5:09:33;Puerto Rondón;36.836667;0;0;0;52.590537;0;0;57.681141;1748.994443;2950.518172;0;2021-11-16 05:09:33;5.159166667;1.350666675
CT48;2021-11-18;20:20:31;Puerto Rondón;22.683733;0;0;0;70.057025;0;0;87.466393;3016.757016;2497.29333;0;2021-11-18 20:20:31;20.34194444;5.325508602
CT48;2021-11-18;20:20:32;Puerto Rondón;22.683733;0;0;0;70.057025;0;0;87.466393;3016.757016;2497.29333;0;2021-11-18 20:20:32;20.34222222;5.325581324
CT51;2021-12-05;0:38:57;Puerto Rondón;83.862666;0;0;0;16.025842;0;0;60.793033;405.65735;531.688976;0;2021-12-05 00:38:57;0.649166667;0.169951436
CT52;2021-11-26;1:23:07;Puerto Rondón;86.33691;0;0;0;0.817691;0;0;187.158076;459.448626;3320.388764;0;2021-11-26 01:23:07;1.385277778;0.362664874
CT52;2021-11-26;1:23:08;Puerto Rondón;86.33691;0;0;0;0.817691;0;0;187.158076;459.448626;3320.388764;0;2021-11-26 01:23:08;1.385555556;0.362737596
CT52;2021-11-28;2:24:43;Puerto Rondón;86.33691;0;0;0;0.817691;0;0;187.158076;459.448626;3320.388764;0;2021-11-28 02:24:43;2.411944444;0.631445579
CT52;2021-11-28;2:24:44;Puerto Rondón;86.33691;0;0;0;0.817691;0;0;187.158076;459.448626;3320.388764;0;2021-11-28 02:24:44;2.412222222;0.631518301
CT52;2021-11-30;20:49:32;Puerto Rondón;86.33691;0;0;0;0.817691;0;0;187.158076;459.448626;3320.388764;0;2021-11-30 20:49:32;20.82555556;5.452117695
CT52;2021-11-30;20:49:34;Puerto Rondón;86.33691;0;0;0;0.817691;0;0;187.158076;459.448626;3320.388764;0;2021-11-30 20:49:34;20.82611111;5.452263139
CT52;2021-12-02;0:14:56;Puerto Rondón;86.33691;0;0;0;0.817691;0;0;187.158076;459.448626;3320.388764;0;2021-12-02 00:14:56;0.248888889;0.065158959
CT52;2021-12-02;0:14:57;Puerto Rondón;86.33691;0;0;0;0.817691;0;0;187.158076;459.448626;3320.388764;0;2021-12-02 00:14:57;0.249166667;0.065231681
CT52;2021-12-04;3:17:43;Puerto Rondón;86.33691;0;0;0;0.817691;0;0;187.158076;459.448626;3320.388764;0;2021-12-04 03:17:43;3.295277778;0.862701705
CT52;2021-12-04;3:17:44;Puerto Rondón;86.33691;0;0;0;0.817691;0;0;187.158076;459.448626;3320.388764;0;2021-12-04 03:17:44;3.295555556;0.862774427
CT52;2021-12-04;3:19:24;Puerto Rondón;86.33691;0;0;0;0.817691;0;0;187.158076;459.448626;3320.388764;0;2021-12-04 03:19:24;3.323333333;0.870046632
CT52;2021-12-04;3:19:25;Puerto Rondón;86.33691;0;0;0;0.817691;0;0;187.158076;459.448626;3320.388764;0;2021-12-04 03:19:25;3.323611111;0.870119354
CT52;2021-12-04;20:47:56;Puerto Rondón;86.33691;0;0;0;0.817691;0;0;187.158076;459.448626;3320.388764;0;2021-12-04 20:47:56;20.79888889;5.445136378
CT52;2021-12-04;20:47:57;Puerto Rondón;86.33691;0;0;0;0.817691;0;0;187.158076;459.448626;3320.388764;0;2021-12-04 20:47:57;20.79916667;5.4452091
CT52;2021-12-06;1:58:34;Puerto Rondón;86.33691;0;0;0;0.817691;0;0;187.158076;459.448626;3320.388764;0;2021-12-06 01:58:34;1.976111111;0.517344679
CT52;2021-12-06;1:58:35;Puerto Rondón;86.33691;0;0;0;0.817691;0;0;187.158076;459.448626;3320.388764;0;2021-12-06 01:58:35;1.976388889;0.517417401
CT86;2021-11-22;4:01:49;Puerto Rondón;38.045911;0;0;0;50.476477;0;0;82.020582;715.512882;1043.372932;0;2021-11-22 04:01:49;4.030277778;1.055124255
CT86;2021-11-22;4:01:51;Puerto Rondón;38.045911;0;0;0;50.476477;0;0;82.020582;715.512882;1043.372932;0;2021-11-22 04:01:51;4.030833333;1.055269699
CT86;2021-11-22;4:34:50;Puerto Rondón;38.045911;0;0;0;50.476477;0;0;82.020582;715.512882;1043.372932;0;2021-11-22 04:34:50;4.580555556;1.19918664
CT86;2021-11-22;4:34:52;Puerto Rondón;38.045911;0;0;0;50.476477;0;0;82.020582;715.512882;1043.372932;0;2021-11-22 04:34:52;4.581111111;1.199332084
CT87;2021-11-16;23:27:40;Puerto Rondón;63.980888;0;0;0;25.945485;0;0;29.118418;1801.56319;2130.868047;0;2021-11-16 23:27:40;23.46111111;6.142104526
CT87;2021-11-16;23:27:41;Puerto Rondón;63.980888;0;0;0;25.945485;0;0;29.118418;1801.56319;2130.868047;0;2021-11-16 23:27:41;23.46138889;6.142177248
CT87;2021-11-17;1:36:59;Puerto Rondón;63.980888;0;0;0;25.945485;0;0;29.118418;1801.56319;2130.868047;0;2021-11-17 01:36:59;1.616388889;0.423169622
CT87;2021-11-17;1:37:01;Puerto Rondón;63.980888;0;0;0;25.945485;0;0;29.118418;1801.56319;2130.868047;0;2021-11-17 01:37:01;1.616944444;0.423315066
CT87;2021-11-26;22:14:30;Puerto Rondón;63.980888;0;0;0;25.945485;0;0;29.118418;1801.56319;2130.868047;0;2021-11-26 22:14:30;22.24166667;5.822854717
CT87;2021-11-30;18:57:33;Puerto Rondón;63.980888;0;0;0;25.945485;0;0;29.118418;1801.56319;2130.868047;0;2021-11-30 18:57:33;18.95916667;4.963498227
CT87;2021-11-30;18:57:38;Puerto Rondón;63.980888;0;0;0;25.945485;0;0;29.118418;1801.56319;2130.868047;0;2021-11-30 18:57:38;18.96055556;4.963861837
CT87;2021-12-28;20:08:30;Puerto Rondón;63.980888;0;0;0;25.945485;0;0;29.118418;1801.56319;2130.868047;0;2021-12-28 20:08:30;20.14166667;5.273076003
CT87;2021-12-28;20:08:32;Puerto Rondón;63.980888;0;0;0;25.945485;0;0;29.118418;1801.56319;2130.868047;0;2021-12-28 20:08:32;20.14222222;5.273221447
CT88;2021-11-16;23:27:36;Puerto Rondón;59.529847;0;0;0;19.621765;0;0;132.922244;1903.922209;2927.178982;0;2021-11-16 23:27:36;23.46;6.141813638
CT88;2021-11-16;23:27:37;Puerto Rondón;59.529847;0;0;0;19.621765;0;0;132.922244;1903.922209;2927.178982;0;2021-11-16 23:27:37;23.46027778;6.14188636
CT88;2021-11-17;1:36:59;Puerto Rondón;59.529847;0;0;0;19.621765;0;0;132.922244;1903.922209;2927.178982;0;2021-11-17 01:36:59;1.616388889;0.423169622
CT88;2021-11-17;1:37:01;Puerto Rondón;59.529847;0;0;0;19.621765;0;0;132.922244;1903.922209;2927.178982;0;2021-11-17 01:37:01;1.616944444;0.423315066
CT88;2021-11-30;18:57:38;Puerto Rondón;59.529847;0;0;0;19.621765;0;0;132.922244;1903.922209;2927.178982;0;2021-11-30 18:57:38;18.96055556;4.963861837
CT88;2021-11-30;18:57:39;Puerto Rondón;59.529847;0;0;0;19.621765;0;0;132.922244;1903.922209;2927.178982;0;2021-11-30 18:57:39;18.96083333;4.963934559
CT88;2021-12-04;3:16:32;Puerto Rondón;59.529847;0;0;0;19.621765;0;0;132.922244;1903.922209;2927.178982;0;2021-12-04 03:16:32;3.275555556;0.857538439
CT88;2021-12-04;3:16:33;Puerto Rondón;59.529847;0;0;0;19.621765;0;0;132.922244;1903.922209;2927.178982;0;2021-12-04 03:16:33;3.275833333;0.857611161
CT88;2021-12-28;20:08:30;Puerto Rondón;59.529847;0;0;0;19.621765;0;0;132.922244;1903.922209;2927.178982;0;2021-12-28 20:08:30;20.14166667;5.273076003
CT88;2021-12-28;20:08:32;Puerto Rondón;59.529847;0;0;0;19.621765;0;0;132.922244;1903.922209;2927.178982;0;2021-12-28 20:08:32;20.14222222;5.273221447
CT29;2021-11-13;18:48:27;Puerto Rondón;78.028387;0;0;0;5.440998;0;0;46.344963;756.523173;519.685964;0;2021-11-13 18:48:27;18.8075;4.923791986
CT29;2021-11-13;18:48:29;Puerto Rondón;78.028387;0;0;0;5.440998;0;0;46.344963;756.523173;519.685964;0;2021-11-13 18:48:29;18.80805556;4.92393743
CT29;2021-11-27;18:04:22;Puerto Rondón;78.028387;0;0;0;5.440998;0;0;46.344963;756.523173;519.685964;0;2021-11-27 18:04:22;18.07277778;4.731442158
CT29;2021-11-27;18:04:23;Puerto Rondón;78.028387;0;0;0;5.440998;0;0;46.344963;756.523173;519.685964;0;2021-11-27 18:04:23;18.07305556;4.73151488
CT95;2021-12-19;14:07:59;Puerto Rondón;70.791158;0;0;0;28.381646;0;0;100.358517;2321.582571;3243.813993;0;2021-12-19 14:07:59;14.13305556;3.700025292
CT95;2021-12-19;14:08:00;Puerto Rondón;70.791158;0;0;0;28.381646;0;0;100.358517;2321.582571;3243.813993;0;2021-12-19 14:08:00;14.13333333;3.700098014
CT95;2021-12-20;3:35:28;Puerto Rondón;70.791158;0;0;0;28.381646;0;0;100.358517;2321.582571;3243.813993;0;2021-12-20 03:35:28;3.591111111;0.94015069
CT95;2021-12-20;3:35:30;Puerto Rondón;70.791158;0;0;0;28.381646;0;0;100.358517;2321.582571;3243.813993;0;2021-12-20 03:35:30;3.591666667;0.940296135
CT95;2022-01-01;1:30:50;Puerto Rondón;70.791158;0;0;0;28.381646;0;0;100.358517;2321.582571;3243.813993;0;2022-01-01 01:30:50;1.513888889;0.396335184
CT95;2022-01-01;1:31:16;Puerto Rondón;70.791158;0;0;0;28.381646;0;0;100.358517;2321.582571;3243.813993;0;2022-01-01 01:31:16;1.521111111;0.398225958
